Firm Name,CRD Number,AUM (Millions),City,State,Website
DAWSON PARTNERS (US) INC.,339430,999.15,NEW YORK,NY,"https://ca.linkedin.com/company/dawsonpartners, https://www.instagram.com/dawsonpartners/, https://dawsonpartners.com/"
FIVE ARROWS MANAGERS (USA) LLC,286195,993.69,NEW YORK,NY,"https://www.instagram.com/rothschildandco/, https://www.linkedin.com/company/rothschildandco, https://www.rothschildandco.com"
CANDER ASSET MANAGEMENT LP,337596,989.01,NEW YORK,NY,N/A
TRISPAN (USA) LLC,305501,982.45,NEW YORK,NY,"https://www.linkedin.com/company/trispan-corp, https://www.instagram.com/trispan_pe/, https://www.trispanllp.com/, https://x.com/trispanllp"
"GREENPOINT GROUP, LP",310532,982.06,NEW YORK,NY,"https://www.greenpointpartners.com/, https://www.linkedin.com/company/greenpointpartners/"
VSS FUND MANAGEMENT LLC,156600,977.72,NEW YORK,NY,"http://www.vss.com, https://www.linkedin.com/company/vsscapitalpartners/mycompany/"
NEXWAVE CAPITAL PARTNERS LLC,241788,971.95,NEW YORK,NY,"https://www.linkedin.com/company/tishman/, https://www.tishmancapitalpartners.com, https://www.youtube.com/@tishmanir, https://www.linkedin.com/showcase/tishman-opportunity-zone/about/, https://www.tishmanopportunityzone.com/"
ORANGEWOOD PARTNERS MANAGEMENT LLC,282292,970.65,NEW YORK,NY,"https://www.linkedin.com/company/orangewood/, https://www.orangewoodpartners.com"
"EOS MANAGEMENT, L.P.",158090,969.49,NEW YORK,NY,"http://www.eospartners.com, https://www.linkedin.com/company/eos-partners/"
"GREENLIGHT MASTERS, LLC",157082,967.19,NEW YORK,NY,"http://www.greenlightcapital.com, http://www.linkedin.com/company/greenlight-capital/about/"
CURIAM CAPITAL LLC,305220,964.66,NEW YORK,NY,"https://www.curiam.com, http://www.twitter.com/curiamcapital, http://www.instagram.com/curiamcapital, http://www.facebook.com/curiamcapitalllc, http://www.linkedin.com/company/curiam-capital-llc"
MARITIME CAPITAL LLC,161112,961.22,NEW YORK,NY,http://www.maritimelp.com/
SANDLER CAPITAL MANAGEMENT,109856,946.87,NEW YORK,NY,http://www.sandlercap.com
PETRICHOR HEALTHCARE CAPITAL MANAGEMENT LP,288664,945.24,NEW YORK,NY,"https://www.linkedin.com/company/scion-life-sciences/, https://petrichorcap.com, https://www.linkedin.com/company/petrichor-healthcare/about/, https://www.scionlifesciences.com"
MILL HILL CAPITAL LLC,269882,944.81,NEW YORK,NY,"https://www.linkedin.com/company/mill-hill-capital-llc/, http://www.millhillcap.com"
NEWBROOK CAPITAL ADVISORS LP,138930,944.79,NEW YORK,NY,N/A
"DOME EQUITIES, LLC",159102,942.5,NEW YORK,NY,"http://www.domeeq.com, https://www.linkedin.com/company/dome-equities-llc"
"ATIKA CAPITAL MANAGEMENT, LLC",167227,933.8,NEW YORK,NY,"https://www.linkedin.com/company/atika-capital-management-llc, http://www.atikacapital.com"
E&E ADVISORS L.P.,111300,932.62,NEW YORK,NY,N/A
"FREEDOM 3 CAPITAL, LLC",170786,930.18,NEW YORK,NY,"http://www.freedom3.com, https://www.linkedin.com/company/5220689/, http://www.freedomiiicapital.com, http://www.freedom3capital.com"
"EVERVIEW PARTNERS, L.P.",334067,926.42,NEW YORK,NY,"https://www.everviewcap.com, https://www.linkedin.com/company/everview-partners-l-p/"
FIRST SENTIER INVESTORS (US) LLC,170739,922.13,NEW YORK,NY,"https://www.firstsentierfunds.com/, https://www.stewartinvestorsfunds.com/, https://www.firstsentiergroup.com/, https://www.firstsentierinvestors.com/, https://www.stewartinvestors.com/, https://www.igneoip.com/, https://www.fssaim.com/"
"RUDIUS MANAGEMENT, L.P.",305465,921.51,NEW YORK,NY,N/A
OCTAGON CAPITAL ADVISORS LP,306424,919.79,NEW YORK,NY,"https://www.octagoninvestments.com, https://www.linkedin.com/company/octagon-capital-advisors"
"CHARLES PRATT & COMPANY, L.L.C.",104864,916.09,NEW YORK,NY,http://www.charlespratt.com
"THAYER STREET PARTNERS MANAGEMENT, LLC",170763,913.56,NEW YORK,NY,"http://www.thayerstreet.com, https://www.linkedin.com/company/thayer-street-partners/"
ROC360 ADVISORS LLC,326954,907.0,NEW YORK,NY,N/A
"MADRYN ASSET MANAGEMENT, LP",286065,906.56,NEW YORK,NY,"https://www.linkedin.com/company/madryn-asset-management, https://madrynlp.com/"
"ALLIANCE CONSUMER GROWTH, LLC",163639,901.13,NEW YORK,NY,"https://www.acgpartners.com, https://twitter.com/weareacg, https://www.linkedin.com/company/alliance-consumer-growth-llc/, https://www.instagram.com/weareacg/?hl=en"
FCO ADVISORS LP,290182,900.75,NEW YORK,NY,"https://www.foundationcredit.com/, https://www.linkedin.com/company/foundation-credit/"
"MALABAR INVESTMENTS, LLC",168091,899.7,NEW YORK,NY,http://www.malabarinvest.com
"CELLO CAPITAL MANAGEMENT, LP",160398,899.32,NEW YORK,NY,"https://www.linkedin.com/company/cello-capital-management/, https://www.cellocapital.com"
"HCSF MANAGEMENT, LLC",163598,896.28,NEW YORK,NY,"http://www.headlandscap.net/, http://www.linkedin.com/company/headlands-capital-management, http://www.headlandscap.com"
VOLOFIN CAPITAL MANAGEMENT (US) LLC,309922,889.88,NEW YORK,NY,"https://www.volofin.com/, https://www.linkedin.com/company/volofin-capital-management/"
MADISON RIVER CAPITAL LLC,286411,888.64,NEW YORK,NY,"https://www.mrivercapital.com/, https://www.linkedin.com/company/madison-river-capital/"
"ROBOTTI & COMPANY ADVISORS, LLC",128093,881.81,NEW YORK,NY,"https://www.youtube.com/@robotticompanyinc.2783, https://www.x.com/bobrobotti, https://www.linkedin.com/company/robotti-&-co-/mycompany/, http://www.robotti.com"
"STAPLE STREET CAPITAL MANAGEMENT, L.P.",173785,881.81,NEW YORK,NY,"http://www.staplestreetcapital.com/, https://www.linkedin.com/company/staple-street-capital"
"ELEQUIN CAPITAL, LP",308371,880.57,NEW YORK,NY,https://www.elequincapital.com/
"SIMCOE CAPITAL MANAGEMENT, LLC",161985,868.68,NEW YORK,NY,"http://www.simcoepartners.com/, http://www.simcoecap.com/"
"KINGDON CAPITAL MANAGEMENT, L.L.C.",157509,861.88,NEW YORK,NY,http://www.kingdon.com
"SPRINGCOAST CAPITAL PARTNERS, L.P.",327164,861.56,NEW YORK,NY,"https://springcoast.com/, https://www.linkedin.com/company/springcoast"
"SADDLE POINT MANAGEMENT, L.P.",329856,857.17,NEW YORK,NY,"https://www.linkedin.com/company/saddle-point-management-l-p, https://saddlepointmanagement.com/"
BACKCAST PARTNERS MANAGEMENT LLC,291785,854.57,NEW YORK,NY,"https://www.backcastpartners.com/, https://www.linkedin.com/company/backcastpartners/"
"DLJ REAL ESTATE CAPITAL PARTNERS, LLC",106238,853.01,NEW YORK,NY,http://www.dljrecp.com
"ARGAND PARTNERS, LP",282127,852.46,NEW YORK,NY,"http://www.argandequity.com/, http://www.argand.com/, https://www.linkedin.com/company/argand-partners/"
"MAYTECH GLOBAL INVESTMENTS, LLC",285985,848.47,NEW YORK,NY,"https://www.linkedin.com/company/maytech-global-investments/, http://www.maytechglobal.com"
"SHANNON RIVER FUND MANAGEMENT, LLC",161538,844.72,NEW YORK,NY,http://www.shannonpartners.com/
"CARTESIAN CAPITAL GROUP, LLC",159370,840.22,NEW YORK,NY,http://www.cartesiangroup.com
"GLOBAL CREDIT ADVISERS, LLC",147843,840.05,NEW YORK,NY,"http://www.globalcreditadvisers.com, https://www.linkedin.com/company/global-credit-advisers-llc/"
"OTRO CAPITAL MANAGEMENT, LLC",327232,839.43,NEW YORK,NY,"https://www.linkedin.com/company/otro-capital/, https://www.otrocapital.com"
"MALTESE CAPITAL MANAGEMENT, LLC",138175,831.06,NEW YORK,NY,https://www.maltesecap.com
"AMERICAN TRIPLE I, LLC",318463,829.17,NEW YORK,NY,"https://www.linkedin.com/company/tripleipartners, https://www.atipartners.com/"
"INVESCO PRIVATE CAPITAL, INC.",107584,822.92,NEW YORK,NY,http://www.invesco.com
CIRRUS REAL ESTATE PARTNERS LP,323210,819.11,NEW YORK,NY,"http://www.cirrusrep.com, https://www.linkedin.com/company/cirrus-real-estate-partners/, https://twitter.com/cirrusreal, https://www.instagram.com/cirrusrep"
FIRST CITIZENS INSTITUTIONAL ASSET MANAGEMENT LLC,285836,815.01,NEW YORK,NY,https://www.firstcitizens.com/commercial/solutions/asset-based-lending
SSW PARTNERS LP,325761,814.32,NEW YORK,NY,https://www.sswpartners.com
PINNBROOK CAPITAL MANAGEMENT LP,312827,812.83,NEW YORK,NY,"https://www.pinnbrook.com, https://www.linkedin.com/company/pinnbrook-capital-management"
"REGAL HEALTHCARE CAPITAL MANAGEMENT, LLC",294006,812.19,NEW YORK,NY,"https://www.regalhcp.com/, https://www.linkedin.com/company/regal-healthcare-capital-partners/"
"AFFINITY ASSET ADVISORS, LLC",312788,807.9,NEW YORK,NY,"http://affinityadv.com/, https://www.linkedin.com/company/affinityassetadvisors/about/, https://x.com/affinity_asset"
OPTIMA ASSET MANAGEMENT LLC,299826,807.39,NEW YORK,NY,https://www.optima.com
"ENHALUS CAPITAL, LP",313321,803.12,NEW YORK,NY,"https://www.enhalus.com, https://www.linkedin.com/company/enhalus-capital-lp/about/"
"POLYMER CAPITAL MANAGEMENT (US), LLC",316277,802.51,NEW YORK,NY,https://www.linkedin.com/company/polymer-capital-united-states/
CARBON DIRECT CAPITAL MANAGEMENT LLC,317548,799.97,NEW YORK,NY,"https://carbondirectcapital.com, https://www.linkedin.com/company/carbon-direct-capital"
"FLATIRON RR LLC, MANAGER SERIES",314505,798.59,NEW YORK,NY,N/A
"LISC FUND MANAGEMENT, LLC",304733,797.47,NEW YORK,NY,"https://www.linkedin.com/showcase/charlotte-housing-opportunity-investment-fund, https://www.liscfm.com, https://www.liscfundmanagement.com, https://www.liscsi.org, https://www.linkedin.com/showcase/dallas-housing-opportunity-fund, https://www.linkedin.com/showcase/new-york-forward-loan-fund, https://www.linkedin.com/showcase/pbf-family-of-funds, https://www.linkedin.com/showcase/southern-opportunity-and-resilience-fund, https://www.linkedin.com/showcase/cleveland-housing-investment-fund, https://www.linkedin.com/showcase/national-strategic-investments-impact-fund, https://www.linkedin.com/showcase/entrepreneurs-opportunity-community-loan-fund, https://www.linkedin.com/showcase/detroit-housing-for-the-future-fund, https://www.linkedin.com/company/local-initiatives-support-corporation-lisc, https://www.youtube.com/@liscstrategicinvestments, https://www.liscstrategicinvestments.org, https://www.lisc.org, https://www.liscfundmanagement.org, https://www.facebook.com/lisc.org, https://www.instagram.com/lisc_hq, https://www.youtube.com/@liscfundmanagement, https://www.liscfm.org, https://www.linkedin.com/company/lisc-fund-management, https://www.youtube.com/@localinitiatives, https://x.com/lisc_hq"
"337 FRONTIER CAPITAL, LP",284266,795.34,NEW YORK,NY,https://www.337frontier.com
KR CAPITAL LP,338229,792.36,NEW YORK,NY,https://krlp.com
ODEON CAPITAL ADVISORS LLC,307619,786.05,NEW YORK,NY,"https://www.odeonadvisors.com, https://www.jetcapitalmanagement.net"
"CORNER CAPITAL MANAGEMENT, LLC",317086,784.11,NEW YORK,NY,"https://www.linkedin.com/company/corner-capital-mgmt, http://cornerventures.com, https://x.com/cornerventure, https://www.linkedin.com/company/corner-ventures, http://cornercapitalmgmt.com"
"GLOBAL EVOLUTION USA, LLC",161677,783.5,NEW YORK,NY,"http://www.globalevolution.com, https://www.linkedin.com/company/global-evolution-usa-llc/"
DELTEC ASSET MANAGEMENT LLC,104068,782.76,NEW YORK,NY,"http://www.deltec-ny.com, https://www.linkedin.com/company/deltec-asset-management"
AMHERST CAPITAL MANAGEMENT LLC,174130,782.56,NEW YORK,NY,"https://www.twitter.com/amherstcapital, https://www.amherst.com/, https://www.linkedin.com/company/amherst/"
MOERUS CAPITAL MANAGEMENT LLC,282399,778.56,NEW YORK,NY,"https://moeruscap.com, https://www.linkedin.com/company/moerus-capital-management-llc/, https://x.com/moeruscapital/"
"FINE CAPITAL PARTNERS, L.P.",156889,776.7,NEW YORK,NY,N/A
SIERRA CREST INVESTMENT MANAGEMENT LLC,300069,772.6,NEW YORK,NY,N/A
"WHITEFORT CAPITAL MANAGEMENT, LP",288534,772.57,NEW YORK,NY,http://www.whitefortcapital.com
"KEYFRAME CAPITAL PARTNERS, L.P.",305812,772.44,NEW YORK,NY,"https://www.linkedin.com/company/keyframecapital, https://www.keyframecapital.com"
FINTECH COLLECTIVE MANAGEMENT LLC,288031,771.14,NEW YORK,NY,"https://twitter.com/fintech_io, https://www.fintech.io/, https://www.linkedin.com/company/fintech-collective/"
WATERFRONT CAPITAL PARTNERS LLC,167801,770.69,NEW YORK,NY,https://www.linkedin.com/company/waterfront-capital-partners/
"ALTUM CAPITAL MANAGEMENT, LLC",160123,770.62,NEW YORK,NY,"https://www.linkedin.com/company/altum-capital-management/about/, https://www.altumcredit.com"
MOON CAPITAL MANAGEMENT LP,156460,757.96,NEW YORK,NY,"https://www.mooncapital.com, https://www.linkedin.com/company/moon-capital"
"SUMMIT STREET CAPITAL MANAGEMENT, LLC",160129,757.47,NEW YORK,NY,"http://www.ssvfunds.com, https://www.linkedin.com/company/summit-street-capital-management/"
"CCMP GROWTH ADVISORS, LP",322926,756.82,NEW YORK,NY,http://www.ccmpgrowth.com
GCP CAPITAL PARTNERS LLC,154457,754.88,NEW YORK,NY,http://www.gcpcapital.com/
TRI LOCUM PARTNERS LP,309678,752.91,NEW YORK,NY,N/A
"DME ADVISORS, LP",157074,749.4,NEW YORK,NY,"https://www.greenlightcapital.com, http://www.linkedin.com/company/greenlight-capital/about/"
DERBY LANE PARTNERS LP,334739,746.27,NEW YORK,NY,"https://www.derbyln.com/, https://www.linkedin.com/company/derby-lane-partners"
"WATER ASSET MANAGEMENT, LLC",151508,746.13,NEW YORK,NY,"http://www.pvwater.com, http://www.waterinv.com"
"TREO ASSET MANAGEMENT, LLC",164982,744.4,NEW YORK,NY,http://www.treoam.com
OLD FARM PARTNERS LP,283573,744.15,NEW YORK,NY,"http://www.oldfarmpartners.com/, https://www.linkedin.com/company/old-farm-partners/"
QUAD PARTNERS LLC,160097,732.24,NEW YORK,NY,"http://www.quadpartners.com, https://www.linkedin.com/company/quad-partners-llc"
TRIMER CAPITAL MANAGEMENT LP,319428,731.15,NEW YORK,NY,"https://www.trimercap.com/, https://www.crunchbase.com/organization/trimer-capital, https://www.linkedin.com/company/trimer"
"ACHIEVE PARTNERS MANAGEMENT, LLC",299883,722.25,NEW YORK,NY,"https://www.linkedin.com/company/achieve-partners-llc/, http://www.achievepartners.com"
"AMPFIELD MANAGEMENT, L.P.",292722,721.26,NEW YORK,NY,"https://www.linkedin.com/company/ampfield-management/, https://www.ampfieldmanagement.com"
BAILLIE GIFFORD INTERNATIONAL LLC,305849,715.39,NEW YORK,NY,"https://www.linkedin.com/company/baillie-gifford/, https://www.facebook.com/baillie-gifford-co-152587304764159, https://www.youtube.com/user/bailliegifford, https://www.linkedin.com/showcase/baillie-gifford-usa/, https://twitter.com/bailliegifford?lang=en, https://www.bailliegifford.com, https://www.scottishmortgage.com/en/uk/individual-investors, https://www.linkedin.com/company/scottish-mortgage-uk/?viewasmember=true, https://www.youtube.com/channel/uc8i_ax5b8dd2lpkiypgy4kg, https://twitter.com/scotmortgage_uk/"
"MERCHANTS INVESTMENT PARTNERS, LLC",314794,711.24,NEW YORK,NY,N/A
TAPROOT MANAGEMENT LP,335061,710.27,NEW YORK,NY,"https://www.taprootmanagement.com/, https://www.linkedin.com/company/taproot-management"
"NEW LEGACY GROUP, LLC",160969,707.85,NEW YORK,NY,"https://www.crunchbase.com/organization/new-legacy-group, http://www.newlegacy.com/, https://www.linkedin.com/company/new-legacy/"
HALLE CAPITAL MANAGEMENT LP,307156,706.42,NEW YORK,NY,"https://www.linkedin.com/company/halle-capital-management, https://hallecapital.com/"
LEPERCQ DE NEUFLIZE ASSET MANAGEMENT LLC,120109,704.04,NEW YORK,NY,"https://www.linkedin.com/company/lepercq-de-neuflize-&-co-/, http://www.lepercq.com/?go=lepercq-de-neuflize-asset-management-llc"
THE QUARRY LP,323449,702.54,NEW YORK,NY,"https://www.linkedin.com/company/the-quarry-lp/, https://quarrylp.com/"
FALCONPOINT CAPITAL PARTNERS LLC,327260,700.19,NEW YORK,NY,https://www.falconpointpartners.com/
"APIS CAPITAL ADVISORS, LLC",131200,700.06,NEW YORK,NY,"https://www.linkedin.com/company/apis-capital-advisors-llc/, https://www.apiscapital.com"
SNOWHAWK LP,325176,699.26,NEW YORK,NY,"http://www.snowhawkpartners.com, https://www.linkedin.com/company/ snowhawk/"
"AURELIUS CAPITAL MANAGEMENT, LP",157325,697.88,NEW YORK,NY,http://www.aurelius-capital.com
RIVA RIDGE CAPITAL MANAGEMENT LP,137716,694.65,NEW YORK,NY,http://www.rivaridgecapital.com
LONG ARC CAPITAL LP,290245,693.8,NEW YORK,NY,"https://www.linkedin.com/company/long-arc-capital/, https://www.longarc.com"
"PRAESIDIUM INVESTMENT MANAGEMENT COMPANY, LLC",137980,693.5,NEW YORK,NY,"https://www.linkedin.com/company/praesidium-investment-management-company-llc/, https://www.praesidiumim.com"
RMWC,147359,690.4,NEW YORK,NY,"https://www.linkedin.com/company/rmwchome/, http://www.rmwc.com"
CKC CAPITAL LLC,168967,687.07,NEW YORK,NY,"http://www.ckccapital.com, https://www.linkedin.com/company/13997460/admin/"
MAVERICK REAL ESTATE PARTNERS LLC,269825,684.43,NEW YORK,NY,"http://www.maverickrep.com, https://www.linkedin.com/company/maverickrep/about/"
NET RETURN ASSET MANAGEMENT LLC,159895,683.11,NEW YORK,NY,N/A
"LYRIC CAPITAL MANAGEMENT GROUP, L.P.",299917,682.66,NEW YORK,NY,"https://www.linkedin.com/company/lyric-capital-group, http://www.lyriccapitalgroup.com"
"ROSECLIFF VENTURE MANAGEMENT, LLC",300188,680.39,NEW YORK,NY,"http://www.rosecliff.com, https://www.linkedin.com/company/rosecliff-ventures/about/"
STELAC CAPITAL PARTNERS LLC,163081,680.01,NEW YORK,NY,http://stelac.com/capital-partners
SC MANAGEMENT LLC,311359,679.9,NEW YORK,NY,"https://www.linkedin.com/company/scholdings, https://twitter.com/sc_holdings, http://sc.holdings"
TRANSATLANTIQUE PRIVATE WEALTH LLC,169820,676.19,NEW YORK,NY,"https://www.linkedin.com/showcase/transatlantique-private-wealth/, https://www.banquetransatlantique.com/fr/international/private-wealth-usa.html"
BOW STREET LLC,158043,672.96,NEW YORK,NY,http://www.bowstreetllc.com/
STANDARD GENERAL L.P.,151831,670.27,NEW YORK,NY,"https://www.linkedin.com/company/standardgeneralnyc/, http://www.standardgenerallp.com/"
SANDGLASS CAPITAL ADVISORS LLC,299418,669.41,NEW YORK,NY,http://www.sandglasscapital.com
STONE TEMPLE PARTNERS LLC,332833,668.71,NEW YORK,NY,"https://www.linkedin.com/company/stone-temple-partners-llc, https://www.stpartners.co/"
WEMBLEY STRATEGIC ADVISORY LLC,305692,662.76,NEW YORK,NY,N/A
ALTA FUNDAMENTAL ADVISERS LLC,168642,659.6,NEW YORK,NY,N/A
GATEWOOD CAPITAL MANAGEMENT LLC,282128,658.24,NEW YORK,NY,"https://www.linkedin.com/company/gatewood-capital-partners, http://www.gatewoodcapital.com"
"ASTARA CAPITAL PARTNERS, L.P.",317647,657.55,NEW YORK,NY,"https://astaracapital.com, https://www.linkedin.com/company/astara-capital-partners/"
"WARANA CAPITAL, LLC",288311,652.0,NEW YORK,NY,https://www.waranacap.com/
AUSTRALIS PARTNERS (ADVISERS) LLC,175505,651.84,NEW YORK,NY,http://www.australispartners.com
"CANARAS CAPITAL MANAGEMENT, LLC",142766,651.0,NEW YORK,NY,"https://www.linkedin.com/company/canaras-capital-management/about/, https://www.facebook.com/canaras/, http://www.canaras.com"
"LODGE HILL CAPITAL, LLC",165973,649.97,NEW YORK,NY,N/A
RADIAL EQUITY PARTNERS LP,308513,649.92,NEW YORK,NY,"https://radialequity.com/, https://www.linkedin.com/company/radial-equity-partners"
MONTROSE ADVISORS INCORPORATED,105918,647.46,NEW YORK,NY,http://www.montroseadvisors.com
"HUNTING HILL GLOBAL CAPITAL, LLC",167481,644.63,NEW YORK,NY,"http://www.huntinghill.com, https://www.linkedin.com/company/huntinghill"
"CORSAIR CAPITAL MANAGEMENT, L.P.",157029,643.48,NEW YORK,NY,https://www.corsaircap.com
"HARVEST MANAGEMENT, L.L.C.",124477,643.47,NEW YORK,NY,N/A
H PARTNERS MANAGEMENT LLC,161041,639.95,NEW YORK,NY,http://www.hpartnerslp.com
"MONEDA USA, INC.",157833,635.76,NEW YORK,NY,https://www.monedausa.com
GOALVEST ADVISORY LLC,285374,628.35,NEW YORK,NY,"https://www.linkedin.com/in/sevasti-balafas-cfa-cpwa%c2%ae-0235231/, https://goalvestadvisory.com, https://www.linkedin.com/company/goalvest-advisory"
COVISION ADVISORS LLC,285328,628.1,NEW YORK,NY,N/A
"STONE-GOFF MANAGEMENT, LLC",281205,626.15,NEW YORK,NY,"https://www.linkedin.com/company/stone-goff-partners, http://www.stonegoff.com/"
STEMPOINT CAPITAL LP,324248,624.98,NEW YORK,NY,"https://www.stempointcapital.com/, https://www.linkedin.com/company/stempoint-capital-lp"
GRANT AVENUE CAPITAL LLC,313104,623.02,NEW YORK,NY,"https://grantave.com/, https://www.linkedin.com/company/grant-avenue-capital, https://www.grantavecap.com"
BPGC MANAGEMENT LP,309916,619.23,NEW YORK,NY,https://www.bpgc.com
"KETTLE HILL CAPITAL MANAGEMENT, LLC",163722,616.64,NEW YORK,NY,http://www.kettlehill.com
ARGENTEM CREEK PARTNERS LP,282070,615.13,NEW YORK,NY,"http://www.argentemcreek.com/, https://www.linkedin.com/company/argentem-creek-partners"
"BROOKFIELD ASSET MANAGEMENT PIC BMG, LLC",312797,614.35,NEW YORK,NY,https://www.brookfield.com/
GOOD SPRINGS CAPITAL LP,326803,610.74,NEW YORK,NY,"https://goodspringscap.com/, https://www.linkedin.com/company/good-springs-capital/about/"
"NINE THIRTY CAPITAL MANAGEMENT, LLC",130545,609.29,NEW YORK,NY,http://www.930capital.com/
SPIRE CAPITAL MANAGEMENT LLC,161581,605.36,NEW YORK,NY,"https://spirecapital.com, https://www.linkedin.com/company/spire-capital-partners/"
"MAYTUS CAPITAL MANAGEMENT, LLC",288640,597.81,NEW YORK,NY,"https://www.linkedin.com/company/maytus-capital-management-llc/about/, https://maytuscapital.com/"
G2 INVESTMENT PARTNERS MANAGEMENT LLC,163921,594.24,NEW YORK,NY,"https://twitter.com/g2ipartners, https://www.g2ipartners.com, https://www.linkedin.com/company/g2-investment-partners"
ALIGNMENT GROWTH MANAGEMENT LLC,319136,593.2,NEW YORK,NY,"https://alignmentgrowth.com/, https://www.linkedin.com/company/alignment-growth, https://medium.com/@alignmentgrowth"
FAROL INVESTMENT ADVISERS LP,166565,592.4,NEW YORK,NY,"https://www.linkedin.com/company/farol-asset-management-lp/, http://www.farolam.com"
"HARSPRING CAPITAL MANAGEMENT, LLC",170882,589.77,NEW YORK,NY,N/A
"PRELUDE GROWTH PARTNERS MANAGEMENT COMPANY, LLC",293249,589.76,NEW YORK,NY,"https://preludegrowth.com/, https://www.linkedin.com/company/prelude-growth-partners/"
"MB GLOBAL ADVISERS, LLC",166823,589.54,NEW YORK,NY,"https://www.linkedin.com/company/mb-global-partners, http://www.mbglobalpartners.com"
"JORDAN/ZALAZNICK ADVISERS, INC.",160932,587.15,NEW YORK,NY,"http://www.jzpartners.com, http://www.jzieurope.com"
LEVCO CAPITAL LP,161117,585.0,NEW YORK,NY,N/A
KARYA CAPITAL MANAGEMENT LLC,160413,582.43,NEW YORK,NY,N/A
ATW PARTNERS LLC,283146,581.15,NEW YORK,NY,"http://linkedin.com/company/atw-partners-llc/about/, https://www.atwpartners.com"
"ENTRYPOINT CAPITAL, LLC",313946,578.04,NEW YORK,NY,"https://entrypointcap.com/, https://www.linkedin.com/company/entrypointcap"
"AXIAL READE CAPITAL, LP",301386,576.67,NEW YORK,NY,"https://www.axialreade.com/, https://www.linkedin.com/company/axial-reade-capital/about/"
NOMURA ASSET MANAGEMENT U.S.A. INC,108222,576.31,NEW YORK,NY,https://www.nomura.com/nam-usa/
UNTITLED INVESTMENTS LP,306357,574.01,NEW YORK,NY,"https://www.linkedin.com/company/untitled-investments/about/, https://www.untitledinvestments.com/"
"MSP SPORTS ADVISORS, LLC",311037,565.64,NEW YORK,NY,http://mspsportscapital.com/
ALIGHT CAPITAL MANAGEMENT LP,174705,559.01,NEW YORK,NY,https://www.alightcapital.com/
SPRUCE STREET CAPITAL LP,333213,555.9,NEW YORK,NY,https://www.linkedin.com/company/spruce-street-capital-lp/
BRIDGER MANAGEMENT LLC,160738,553.41,NEW YORK,NY,"https://www.bridgercapital.com, https://www.linkedin.com/company/bridger-management-llc/"
TURNBRIDGE RE FUND MANAGEMENT COMPANY I LLC,291631,552.74,NEW YORK,NY,"http://www.turnbridgeeq.com/, https://www.linkedin.com/company/turnbridge-equities/about/"
GARNET CREDIT MANAGEMENT LLC,334755,552.41,NEW YORK,NY,http://www.garnetcredit.com
TERRAMONT INFRASTRUCTURE MANAGEMENT LLC,317282,549.91,NEW YORK,NY,"https://terramontinfra.com, https://www.linkedin.com/company/terramont-infrastructure/"
SARAZA MANAGEMENT LP,317572,547.44,NEW YORK,NY,https://www.sarazamgmt.com
"CATALUR CAPITAL MANAGEMENT, LP",307830,547.27,NEW YORK,NY,N/A
"NORTH ISLAND VENTURES, LLC",309291,544.78,NEW YORK,NY,"https://x.com/northislandvc, https://www.linkedin.com/company/north-island-ventures/, https://www.logosfund.io, https://www.northisland.ventures/"
SHERBORNE INVESTORS MANAGEMENT LP,160178,541.42,NEW YORK,NY,http://www.sherborneinvestors.com
REPUBLIC CAPITAL ADVISER LLC,316437,537.68,NEW YORK,NY,"http://republiccapital.co, https://angel.co/republic/syndicate, https://www.linkedin.com/company/republic-capital/mycompany/, https://x.com/_rcapital_, https://republiccapital.medium.com/"
BAYBERRY CAPITAL PARTNERS LP,300381,533.43,NEW YORK,NY,"https://bayberrycp.com, https://bayberrycapitalpartnerslp.com, https://www.linkedin.com/company/bayberry-capital-partners-lp"
AXON CAPITAL LP,158281,533.32,NEW YORK,NY,"http://tpgaxon.com, http://axoncap.com, https://www.linkedin.com/company/axoncap/about/"
PEMBROOK CAPITAL MANAGEMENT LLC,161420,532.09,NEW YORK,NY,http://www.pembrookgroup.com
"NEW SILK ROUTE ADVISORS, L.P.",161339,528.9,NEW YORK,NY,"https://www.linkedin.com/company/new-silk-route/about/, http://www.nsrpartners.com"
PARAMOUNT GROUP REAL ESTATE ADVISOR LLC,161324,528.51,NEW YORK,NY,http://www.pgre.com
"BEACONLIGHT CAPITAL, LLC",158390,528.47,NEW YORK,NY,"https://www.linkedin.com/company/beaconlight-capital/, https://www.beaconlightcap.com/"
"ABR DYNAMIC FUNDS, LLC",171847,526.85,NEW YORK,NY,"http://www.abrfunds.com, http://www.abrdynamicfunds.com"
"4X4 CAPITAL, LLC",316647,524.32,NEW YORK,NY,"https://www.linkedin.com/company/4x4capital/, https://4x4capital.com/"
"WASSERSTEIN DEBT OPPORTUNITIES MANAGEMENT, LP",286158,522.28,NEW YORK,NY,"http://www.wasserco.com, https://www.linkedin.com/company/wasserstein-debt-opportunities"
CM INVESTMENT PARTNERS LLC,168941,520.33,NEW YORK,NY,N/A
PACT CAPITAL LLC,333871,520.0,NEW YORK,NY,"https://pactcapitalpartners.com/, https://www.linkedin.com/company/pact-capital-partners/"
LIONSTONE CAPITAL MANAGEMENT LLC,157603,519.76,NEW YORK,NY,N/A
OFF ROAD CAPITAL MANAGEMENT LLC,285344,518.14,NEW YORK,NY,http://offroadcapitalpartners.com/
"LINCOLNSHIRE MANAGEMENT, INC.",157144,515.99,NEW YORK,NY,"http://www.lincolnshiremgmt.com, http://www.linkedin.com/company/lincolnshire-management"
"VICTOR CAPITAL PARTNERS MANAGEMENT COMPANY, LP",313929,513.22,NEW YORK,NY,"https://www.linkedin.com/company/victor-capital-partners/about/, https://www.victorcapitalpartners.com"
SYCALE ADVISORS (NY) LLC,168204,512.66,NEW YORK,NY,"http://sycale.com/, https://www.linkedin.com/company/sycale-advisors/about/"
"TENERE CAPITAL, LLC",312441,512.37,NEW YORK,NY,http://www.tenerecapital.com
PAINSWICK CAPITAL MANAGEMENT LP,333644,511.15,NEW YORK,NY,"https://www.painswickcapital.com/, https://www.linkedin.com/company/painswick-capital/"
ANTHEMIS CAPITAL MANAGERS (AMERICAS) LLC,323376,510.45,NEW YORK,NY,"https://www.twitter.com/anthemis, https://www.instagram.com/anthemisgroup, https://www.youtube.com/anthemisgroup, http://www.anthemis.com/, https://www.facebook.com/anthemisgroup, https://www.periscope.tv/anthemisgroup, https://www.medium.com/anthemis-insights, https://www.slideshare.net/anthemisgroup, https://www.linkedin.com/company-beta/1342997/"
HURRICANE CAPITAL ADVISORS LLC,314749,510.39,NEW YORK,NY,"https://hurricanecapital.io/, https://www.linkedin.com/company/hurricanecap/"
NINE MASTS CAPITAL ADVISERS LLC,322775,508.74,NEW YORK,NY,http://www.ninemasts.com
POLUS CAPITAL MANAGEMENT (US) INC.,323283,508.38,NEW YORK,NY,"https://www.linkedin.com/company/polus-capital-management/, http://www.poluscapital.com"
"MEP CAPITAL MANAGEMENT, LLC",304299,507.3,NEW YORK,NY,"https://www.linkedin.com/company/mep-capital, https://www.mepcap.com, https://medium.com/mepcapital"
HYPERION CAPITAL ADVISORS LP,304230,505.93,NEW YORK,NY,N/A
LOOM CAPITAL MANAGEMENT LLC,174093,505.76,NEW YORK,NY,https://www.loomcapital.com/
TURNSPIRE CAPITAL PARTNERS LLC,311053,504.42,NEW YORK,NY,"https://www.turnspirecap.com/, https://www.linkedin.com/company/turnspire-capital-partners"
SPX CAPITAL MANAGEMENT LLC,297944,500.0,NEW YORK,NY,"https://www.linkedin.com/company/spx-capital/, https://www.spxcapital.com/"
"EMET CAPITAL MANAGEMENT, LLC",167047,499.25,NEW YORK,NY,http://www.emetcap.com
"EDGE FOCUS CAPITAL MANAGEMENT, LLC",309884,497.77,NEW YORK,NY,"https://www.linkedin.com/company/edge-focus-partners, http://www.edgefocuspartners.com"
BRANT POINT INVESTMENT MANAGEMENT LLC,157572,495.94,NEW YORK,NY,N/A
MATRIX PRIVATE CAPITAL GROUP LLC,285531,494.91,NEW YORK,NY,"http://www.matrixpcg.com, https://www.linkedin.com/company/matrixpcg/"
9YARDS CAPITAL MANAGEMENT LP,299727,494.89,NEW YORK,NY,"https://9yards.vc/, https://www.linkedin.com/company/9yards-capital/, https://twitter.com/9yardscapital/, https://medium.com/9yards/"
"FIREBIRD MANAGEMENT, LLC",136559,494.66,NEW YORK,NY,http://www.fbird.com
RIPOSTE CAPITAL LLC,322217,494.13,NEW YORK,NY,"https://ripostecapital.org/, https://ripostecapital.com/"
"JONES ROAD CAPITAL MANAGEMENT, L.P.",296822,493.49,NEW YORK,NY,http://www.jonesroad.com
"CH GLOBAL CAPITAL MANAGEMENT, LLC",283431,490.57,NEW YORK,NY,"https://www.linkedin.com/company/ch-global-capital/, https://chglobalcapital.com/"
"DG CAPITAL MANAGEMENT, LLC",157258,489.38,NEW YORK,NY,"https://www.linkedin.com/company/dg-capital-management-llc/about/, http://www.dgcapitalmgmt.com"
"A.W. JONES ADVISORS, LLC",161260,487.76,NEW YORK,NY,"http://www.awjones.com, http://www.linkedin.com/company/a.w.jones"
"TWO ROADS PARTNERS MANAGEMENT, LP",326470,487.59,NEW YORK,NY,"https://tworoads.com/, https://www.linkedin.com/company/two-roads-partners/mycompany/"
SETPOINT MANAGEMENT LLC,328702,483.46,NEW YORK,NY,https://setpointcapital.com
"PING CAPITAL MANAGEMENT, INC.",308358,482.18,NEW YORK,NY,"http://www.pingfinancial.com, https://www.linkedin.com/company/ping-capital-management-ltd/about/"
ONYXPOINT GLOBAL MANAGEMENT LP,288356,481.28,NEW YORK,NY,"https://www.linkedin.com/company/onyxpointglobal/, http://www.onyxpointglobal.com"
BELLTOWER PARTNERS LLC,333385,477.7,NEW YORK,NY,"https://belltowerpartners.com/, https://www.linkedin.com/company/belltower-partnersllc/"
"CLOSED LOOP PARTNERS, LLC",307079,477.15,NEW YORK,NY,"https://twitter.com/loopfund, https://www.linkedin.com/company/closed-loop-partners, https://www.closedlooppartners.com"
"ENDICOTT CAPITAL MANAGEMENT, L.L.C.",308447,476.23,NEW YORK,NY,"https://www.endicottgp.com, https://linkedin.com/company/endicott-capital"
KAIN CAPITAL LLC,315669,476.01,NEW YORK,NY,"https://www.linkedin.com/company/kain-capital-llc, https://www.kaincap.com"
HORIKO CAPITAL MANAGEMENT LLC,126343,475.06,NEW YORK,NY,http://www.horikocapital.com/
"HUDSON HILL CAPITAL MANAGEMENT, LLC",316815,474.27,NEW YORK,NY,"https://www.hudsonhillcapital.com, https://www.linkedin.com/company/hudsonhillcapital/about/"
BROAD SKY PARTNERS LLC,317966,472.93,NEW YORK,NY,"https://www.broadskypartners.com/, https://www.linkedin.com/company/broad-sky-partners/"
PETER KIMMELMAN ASSET MANAGEMENT LP,133302,472.31,NEW YORK,NY,N/A
"CASTLE HARLAN, INC.",158106,471.11,NEW YORK,NY,"https://www.castleharlan.com, https://www.linkedin.com/company/castle-harlan/, https://www.linkedin.com/company/branford-castle-partners/, https://www.branfordcastle.com/"
CHESAPEAKE ASSET MANAGEMENT LLC,108994,468.79,NEW YORK,NY,"http://www.chesman.com, https://www.linkedin.com/company/11865541"
"ROTHSCHILD CAPITAL PARTNERS, LLC",161688,467.8,NEW YORK,NY,"https://www.linkedin.com/company/rothschild-capital-partners/about/, https://www.rothcap.com"
NEW LEAF VENTURE PARTNERS LLC,163897,465.07,NEW YORK,NY,"https://www.linkedin.com/company/new-leaf-venture-partners/, https://twitter.com/nlvpartners, http://www.nlvpartners.com"
"CANAM CAPITAL MANAGEMENT, LLC",298587,460.1,NEW YORK,NY,N/A
"CYTIUM INVESTMENT MANAGEMENT, LLC",327890,459.92,NEW YORK,NY,"https://www.cytiuminv.com, https://www.linkedin.com/company/cytium-investment-management/"
"FACT CAPITAL, L.P.",307860,458.24,NEW YORK,NY,"https://www.factcapital.info/, https://www.linkedin.com/company/factcapital"
GRAFINE CAPITAL HOLDINGS LLC,309490,457.61,NEW YORK,NY,"https://www.grafine.com/, https://www.linkedin.com/company/grafine-partners"
"SICART ASSOCIATES, LLC",285275,455.38,NEW YORK,NY,"https://www.linkedin.com/company/15210832/, http://www.sicartassociates.com"
"MACHINE INVESTMENT GROUP, LP",315219,455.3,NEW YORK,NY,"https://machineinv.com/, https://www.linkedin.com/company/machine-investment-group"
"HARRADEN CIRCLE INVESTMENTS, LLC",310227,451.85,NEW YORK,NY,"http://harradencircle.com, https://www.linkedin.com/company/harraden-circle-investments-llc/"
"UNITED AMERICAN SECURITIES, INC.",21274,449.92,NEW YORK,NY,https://www.uasam.com
AISLING CAPITAL MANAGEMENT LP,269994,446.17,NEW YORK,NY,"https://www.aislingcapital.com, https://www.linkedin.com/company/aisling-capital, https://twitter.com/aislinglp"
"LDR CAPITAL MANAGEMENT, LLC",162329,444.69,NEW YORK,NY,"https://www.linkedin.com/company/ldr-capital-management-llc/about/, http://www.ldrcapitalmgmt.com, https://ldrfunds.com/"
"SAGE ADVISORS, LLC",148964,442.47,NEW YORK,NY,N/A
EAGLE'S VIEW CAPITAL MANAGEMENT LLC,160494,441.62,NEW YORK,NY,http://www.evhedge.com
STONECOURT CAPITAL LP,286234,439.68,NEW YORK,NY,"https://www.linkedin.com/company/stonecourt-capital/about/, http://www.stonecourtlp.com/"
VANTERRA CAPITAL LLC,167242,439.38,NEW YORK,NY,http://www.vanterra.com
THIRD NORTH CAPITAL LP,285348,439.22,NEW YORK,NY,N/A
STERLING INVESTORS LP,311318,437.35,NEW YORK,NY,"https://sterling-investors.com, https://www.linkedin.com/company/sterling-investors-lp/"
"RESERVOIR OPERATIONS, L.P.",156800,436.81,NEW YORK,NY,"https://linkedin.com/company/reservoir-capital-group, http://reservoircap.com/"
SPACE CAPITAL MANAGEMENT LLC,287867,435.76,NEW YORK,NY,"https://www.instagram.com/thespacetalent/, https://www.linkedin.com/company/space-talent/, https://www.spacecapital.com, https://www.spacetalent.org, https://x.com/spacecapital, https://x.com/thespacetalent, https://www.facebook.com/spaceangelsholdings/, https://www.instagram.com/spacecapital/, https://www.instagram.com/spaceangels/, https://www.spaceangels.com/, https://x.com/spaceangels, https://www.linkedin.com/company/spaceangels, https://www.linkedin.com/company/spacecapital/, https://bsky.app/profile/spacecapital.com, https://bsky.app/profile/spacetalent.com, https://bsky.app/profile/spaceangels.com"
CLEARLIST CAPITAL LLC,329206,434.12,NEW YORK,NY,"https://www.linkedin.com/company/clearlist, https://www.clearlist.com/"
VOLTERRA TECHNOLOGIES LP,306817,433.74,NEW YORK,NY,https://www.linkedin.com/company/volterra-technologies/
DIKER MANAGEMENT LLC,119786,430.0,NEW YORK,NY,"http://www.dikerllc.com, https://www.linkedin.com/company/diker-management"
"HVPF MANAGER II, LLC",318754,429.97,NEW YORK,NY,"https://hudsonvalleypropertygroup.com/, https://www.linkedin.com/company/hudson-valley-property-group/, https://twitter.com/hvpghousing"
CIP FUND MANAGEMENT LLC,160700,425.56,NEW YORK,NY,https://www.cip-capital.com
"SWS CAPITAL MANAGEMENT, LLC",119043,425.54,NEW YORK,NY,"https://www.linkedin.com/company/sws-capital-management/, https://www.swscapitalmanagement.com/"
"BRUCKMANN, ROSSER, SHERRILL & CO., MANAGEMENT, L.P.",156881,423.4,NEW YORK,NY,https://brs.com/
CROSSBEAM VENTURE PARTNERS LLC,309047,423.09,NEW YORK,NY,"https://crossbeam.vc/, https://www.linkedin.com/company/crossbeamvc, https://moelisassetmanagement.com/crossbeam/"
"ADIT VENTURES MANAGEMENT, LLC",283262,419.85,NEW YORK,NY,https://www.aditventures.com/
"CALIGAN PARTNERS, LP",289887,419.04,NEW YORK,NY,"https://www.caliganpartners.com/, https://www.linkedin.com/company/caligan-partners-lp/"
FIO ADVISORS LP,300903,418.57,NEW YORK,NY,"https://www.foundationcredit.com/, https://www.linkedin.com/company/foundation-credit/"
"ARMOR ADVISORS, L.L.C.",157238,418.36,NEW YORK,NY,http://www.armorcapital.com
SPARK INVESTMENT MANAGEMENT LLC,160815,417.69,NEW YORK,NY,"https://www.sparkim.com, https://www.linkedin.com/company/spark-investment-management-llc"
"VENTURE CAPITAL FUND OF AMERICA III, INC.",160941,415.9,NEW YORK,NY,"http://www.linkedin.com/company/vcfa-group, http://www.vcfa.com"
"APAX PARTNERS US, LLC",157110,415.67,NEW YORK,NY,"https://x.com/apax_partners?lang=en, http://www.facebook.com/pages/apax-partners/552884631539155, http://www.linkedin.com/company/apax-partners, http://www.apax.us.com"
"HILLCREST CREDIT AND INCOME FUND II MANAGER, LLC",288671,414.86,NEW YORK,NY,"http://www.hillcrestfinancellc.com, https://www.linkedin.com/company/hillcrest-finance-llc"
"PHOENICIAN RESOURCES FUND SPONSOR, LLC",304953,413.74,NEW YORK,NY,"https://www.phoenicianres.com/, https://www.linkedin.com/company/phoenician-resources/about/"
RIVERMONT CAPITAL MANAGEMENT LP,311888,413.48,NEW YORK,NY,N/A
"APPOMATTOX ADVISORY, INC",153731,410.82,NEW YORK,NY,"https://www.appomattox.com, https://www.linkedin.com/company/appomattox-advisory-inc."
INTERMARKET CORPORATION,161833,410.3,NEW YORK,NY,http://www.intermarket.us/
"LION POINT CAPITAL, LP",174322,410.26,NEW YORK,NY,http://www.lionpoint.com
CCS PARTNERS LLC,329876,409.15,NEW YORK,NY,https://www.ccs-partners.com/
"MANIKAY PARTNERS, LLC",157272,408.59,NEW YORK,NY,http://www.manikaypartners.com
"FOCUSGROWTH ASSET MANAGEMENT, LP",309245,407.35,NEW YORK,NY,"https://focusgrowth.com/, https://www.linkedin.com/company/focusgrowth-asset-management-lp/about/"
"ALPHA PARTNERS MANAGEMENT, LLC",286141,404.7,NEW YORK,NY,http://www.alphapartners.com
"BRIDGE GROWTH PARTNERS, LLC",168682,403.91,NEW YORK,NY,"http://www.bridgegrowthpartners.com, https://www.linkedin.com/company/bridge-growth-partners-llc"
MFG PARTNERS LLC,330388,402.87,NEW YORK,NY,"https://mfgpartners.com/, https://www.linkedin.com/company/mfg-partners/"
OCO CAPITAL PARTNERS LP,299461,402.81,NEW YORK,NY,N/A
"HUMBLE MANAGEMENT, LLC",322006,402.45,NEW YORK,NY,"https://www.humblegrowth.com, https://www.linkedin.com/company/humblegrowth.com"
"COVARA CAPITAL, LLC",337515,402.0,NEW YORK,NY,"https://www.linkedin.com/company/covaracapital/, https://www.covaracapital.com/"
WELLSPRING CAPITAL MANAGEMENT LLC,161184,401.7,NEW YORK,NY,"https://revelarcapital.com/, https://www.linkedin.com/company/wellspring-capital-management-llc/, https://www.linkedin.com/company/revelar-capital-llc"
"VALUEQUEST ADVISERS, LLC",337781,400.83,NEW YORK,NY,N/A
"DERBY COPELAND MANAGEMENT GROUP, LLC",321102,400.46,NEW YORK,NY,"https://linkedin.com/company/derby-copeland-capital/, https://www.derbycopeland.com/, https://www.instagram.com/derbycopelandcapital/"
"MOMENTUM ADVISORS, LLC",159574,400.14,NEW YORK,NY,"https://twitter.com/momentumadvice, http://www.momentum-advisors.com, https://www.instagram.com/themomentumadvisors"
"SEAPORT CAPITAL, LLC",160734,395.65,NEW YORK,NY,"http://www.seaportcapital.com, https://www.linkedin.com/company/seaport-capital/"
"DYNASTY EQUITY PARTNERS MANAGEMENT, LLC",327607,391.53,NEW YORK,NY,"https://www.linkedin.com/company/dynasty-equity, https://www.dynastyequity.com"
"CARL MARKS MANAGEMENT COMPANY, LLC",107695,391.06,NEW YORK,NY,http://www.carlmarks.com
16TH AMENDMENT ADVISORS LLC,150575,390.23,NEW YORK,NY,https://16rock.com/
"SOUNDCORE CAPITAL PARTNERS, LLC",288749,388.7,NEW YORK,NY,"https://www.linkedin.com/company/soundcore-capital-partners/, https://www.soundcorecap.com/"
COLLABORATIVE CAPITAL ADVISORS LLC,337588,387.84,NEW YORK,NY,https://www.collaborativecapitaladvisors.com
"TOLIS ADVISORS, LP",163345,387.32,NEW YORK,NY,"https://www.linkedin.com/company/tolis-advisors-lp/, http://www.tolisadvisors.com"
"NEBARI PARTNERS, LLC",295859,386.96,NEW YORK,NY,http://nebari.com
VANTAGE INFRASTRUCTURE (USA) INC.,157458,385.49,NEW YORK,NY,"https://www.linkedin.com/company/vantage-infrastructure, https://www.vantageinfra.com"
NOMURA CAPITAL MANAGEMENT LLC,324417,384.12,NEW YORK,NY,"https://www.linkedin.com/company/nomura-capital-management/, https://nomuracapitalmanagement.com/"
"ATLANTIC INVESTMENT MANAGEMENT, INC",137698,383.99,NEW YORK,NY,"http://www.atlanticinvestment.net, https://www.linkedin.com"
CP CAPITAL (US) PARTNERS LP,158979,382.34,NEW YORK,NY,"https://www.linkedin.com/company/cp-capital-us/, https://cpcapitalus.com/"
"JUNIPER INVESTMENT COMPANY, LLC",170814,382.32,NEW YORK,NY,"http://www.juniperfunds.com, https://www.linkedin.com/company/juniper-investment-company"
CAMBER PARTNERS MANAGEMENT LLC,309328,378.75,NEW YORK,NY,"http://www.camber.io, https://www.linkedin.com/company/camberpartners/"
PALM DRIVE CAPITAL LLC,284014,376.39,NEW YORK,NY,"https://x.com/palmdrivevc, https://www.linkedin.com/company/palmdriveventures, http://www.palmdrive.vc"
"ALPHA LEONIS PARTNERS, LLC",314560,373.28,NEW YORK,NY,N/A
"BIRNAM OAK ADVISORS, LP",328180,372.45,NEW YORK,NY,"http://www.birnam-oak.com, https://www.linkedin.com/company/birnam-oak-advisors-lp/"
"OPTO INVESTMENT MANAGEMENT, LLC",316847,370.98,NEW YORK,NY,"https://www.linkedin.com/company/optoinvest, https://www.optoinvest.com/, https://twitter.com/optoinvest"
"LIONHEART STRATEGIC MANAGEMENT, LLC",314990,370.93,NEW YORK,NY,"https://www.lionheartstrategic.com/, https://www.linkedin.com/company/lionheartstrategic/"
"BVP MANAGEMENT COMPANY, LLC",307029,369.76,NEW YORK,NY,https://www.brandvelocitygroup.com
FORMULA GROWTH MANAGEMENT CORP,285005,369.24,NEW YORK,NY,"http://www.formulagrowth.ca, http://www.formulagrowth.com"
HIDDEN LAKE ASSET MANAGEMENT LP,298209,367.92,NEW YORK,NY,N/A
SAVANNA INVESTMENT MANAGEMENT LLC,158770,366.69,NEW YORK,NY,"http://www.savannafund.com, https://www.instagram.com/savannarealestate/?hl=en, https://www.linkedin.com/company/savanna-real-estate-fund"
"EPOCH CAPITAL, US, LLC",315254,366.07,NEW YORK,NY,N/A
"MORGAN RIO CAPITAL MANAGEMENT, LLC",162500,361.76,NEW YORK,NY,N/A
"UNIVERSITY VENTURES FUNDS MANAGEMENT, LLC",163575,360.34,NEW YORK,NY,"https://www.linkedin.com/company/university-ventures/, http://www.universityventures.com, https://www.facebook.com/pg/universityventuresfund/about/?ref=page_internal, https://twitter.com/univenturesfund?lang=en"
EDEN CAPITAL MANAGEMENT LLC,290418,359.6,NEW YORK,NY,"https://www.linkedin.com/company/eden-capital/, http://www.edencp.com/"
"VEDANTA MANAGEMENT, L.P.",160685,358.64,NEW YORK,NY,"http://www.vedantacapital.com, https://www.linkedin.com/company/vedacap"
"BLUE SQUARE ASSET MANAGEMENT, LLC",296802,357.72,NEW YORK,NY,"https://www.linkedin.com/company/bluesquarewealth/, https://www.bluesquarewealth.com"
22V ASSET MANAGEMENT LLC,323898,357.3,NEW YORK,NY,"https://www.linkedin.com/company/22v-asset-management/about/, http://www.22vam.com"
"PAPAMARKOU WELLNER ASSET MANAGEMENT, INC.",131796,357.02,NEW YORK,NY,"http://www.papamarkou.com, https://www.linkedin.com/company/papamarkou-wellner-perkin/"
"TENCORE PARTNERS, LP",299327,355.9,NEW YORK,NY,"http://www.tencorepartners.com, https://www.linkedin.com/company/tencore-partners-l-p/"
BRIDGEPORT MANAGEMENT COMPANY LLC,322871,355.77,NEW YORK,NY,"https://bgptpartners.com, https://www.linkedin.com/company/bridgeportpartners/"
"ACORN CAPITAL ADVISORS, LLC",304164,355.3,NEW YORK,NY,https://www.acornbioventures.com
NIGHT SQUARED LP,333933,355.18,NEW YORK,NY,https://nightsquared.com/
HARKNESS CAPITAL MANAGEMENT LLC,289882,353.95,NEW YORK,NY,http://www.harknesscapital.com/
MAKARORA MANAGEMENT LP,329275,353.34,NEW YORK,NY,"https://makarora-lp.com/, https://www.linkedin.com/company/makarora-lp"
GUMSHOE CAPITAL MANAGEMENT LLC,328451,352.05,NEW YORK,NY,"https://gumshoecap.com, https://www.linkedin.com/company/gumshoe-capital-management/about/"
PERELLA WEINBERG PARTNERS CAPITAL MANAGEMENT LP,143598,351.29,NEW YORK,NY,N/A
SCOGGIN MANAGEMENT LP,157587,350.08,NEW YORK,NY,N/A
"AULDBRASS PARTNERS, LP",161360,348.93,NEW YORK,NY,"http://www.auldbrasspartners.com/, https://www.linkedin.com/company/auldbrass-partners"
"HEALTH CATALYST CAPITAL MANAGEMENT, LLC",282602,348.01,NEW YORK,NY,"https://www.linkedin.com/company/health-catalyst-capital-management-llc/, http://www.healthcatalystcapital.com/"
"BLUESTONE EQUITY PARTNERS, L.P.",323332,347.83,NEW YORK,NY,"https://www.facebook.com/bluestoneequity, https://www.instagram.com/bluestoneequity/, http://bluestoneequity.com/, https://www.linkedin.com/company/bluestoneequity/about/, https://twitter.com/bluestoneequity"
"MELKONIAN CAPITAL MANAGEMENT, LLC",162543,347.75,NEW YORK,NY,"https://www.linkedin.com/company/melkonian-capital-management-llc/, http://www.melkoniancapital.com"
"SAMJO MANAGEMENT, LLC",326808,347.1,NEW YORK,NY,N/A
"PLACEHOLDER MANAGEMENT, LLC",292362,345.43,NEW YORK,NY,"https://twitter.com/placeholdervc?lang=en, https://placeholder.vc"
"NEXT MANAGEMENT ADVISORS, LLC",324644,345.37,NEW YORK,NY,"http://www.next-investors.com, https://www.linkedin.com/company/next-investors/"
"EYRE STREET CAPITAL, LLC",333970,344.92,NEW YORK,NY,http://www.eyrestreet.com
HIVEMIND CAPITAL PARTNERS LLC,319077,340.98,NEW YORK,NY,"https://www.hivemindcapital.co/, https://www.linkedin.com/company/hivemindcapital, https://x.com/hivemindcap"
DURATIONAL CAPITAL MANAGEMENT LP,291371,340.06,NEW YORK,NY,"https://www.linkedin.com/company/durational-capital-management/, http://www.durational.com"
"GARNET EQUITY CAPITAL HOLDINGS, INC.",161948,339.47,NEW YORK,NY,N/A
TWIN POINT CAPITAL LLC,281731,335.43,NEW YORK,NY,http://www.twinpointcap.com
"SECOND ALPHA PARTNERS, LLC",282418,334.87,NEW YORK,NY,"http://secondalpha.com, https://www.linkedin.com/company/second-alpha/about/"
"NOKOTA MANAGEMENT, LP",159004,332.02,NEW YORK,NY,N/A
"MASTERTON CAPITAL MANAGEMENT, LP",308917,330.64,NEW YORK,NY,"https://www.linkedin.com/company/masterton-capital-management-lp, https://www.mastertoncapital.com"
"JACOBS ASSET MANAGEMENT, LLC",156563,329.83,NEW YORK,NY,"https://jampartners.com, https://www.linkedin.com/company/jacobs-asset-management/about/"
"MACQUARIE CAPITAL PARTNERS, LLC",293250,329.68,NEW YORK,NY,N/A
"RPM CAPITAL PARTNERS, LLC",160913,327.02,NEW YORK,NY,N/A
"CHALKSTREAM CAPITAL GROUP, L.P.",153734,327.01,NEW YORK,NY,"https://www.linkedin.com/company/chalkstreamcapitalgroup, https://www.chalkstreamcapital.com"
COALESCENCE PARTNERS INVESTMENT MANAGEMENT LP,285361,326.56,NEW YORK,NY,http://www.cp-im.com
VENOR CAPITAL MANAGEMENT LP,158327,326.16,NEW YORK,NY,"https://www.linkedin.com/company/venor-capital-management/about/, http://www.venorcapital.com"
SILVERPEAK REAL ESTATE PARTNERS L.P.,156018,325.0,NEW YORK,NY,"http://www.silverpeak.com/, https://www.linkedin.com/company/11232294"
"HERONETTA MANAGEMENT, L.P.",157307,324.06,NEW YORK,NY,http://www.heronmgmt.com
"BLUE OPAL CAPITAL, LLC",315680,321.92,NEW YORK,NY,"https://www.blueopalcapital.com/, https://www.linkedin.com/company/blueopalcapital/"
OPTIMIST VENTURES LLC,337808,319.12,NEW YORK,NY,"https://www.linkedin.com/company/optimist-ventures, https://www.optimist.vc"
TRIBUNE INVESTMENT GROUP LP,329330,318.1,NEW YORK,NY,"https://tribunelp.com/, https://www.linkedin.com/company/tribune-investment-group-lp"
"HEARTWOOD FUNDS, LLC",136940,317.6,NEW YORK,NY,https://heartwoodfunds.com
CHARTER OAK ADVISORS LP,328387,315.01,NEW YORK,NY,https://www.charteroakadvisors.com/
RIVERPARK CAPITAL MANAGEMENT LLC,150798,315.0,NEW YORK,NY,"https://www.riverparkfunds.com, https://riverparkvc.com"
OPUS INVESTMENT MANAGEMENT LLC,163262,314.54,NEW YORK,NY,https://opusfund.com
REPUBLIC DIGITAL FUND MANAGER LLC,330536,314.0,NEW YORK,NY,https://fpam.com/
DAVENTRY GROUP LP,306533,313.01,NEW YORK,NY,"https://www.daventrygroup.com/, https://www.linkedin.com/company/daventry-group-lp/"
FOOTPATH VENTURES LP,306142,311.46,NEW YORK,NY,https://www.linkedin.com/company/footpath-ventures/about/
BLUE OWL STRATEGIC EQUITY ADVISORS LLC,325958,310.05,NEW YORK,NY,"https://www.linkedin.com/company/blue-owl-capital, https://www.blueowl.com/, https://twitter.com/blueowlcapital"
"S SQUARED TECHNOLOGY, LLC",124441,306.47,NEW YORK,NY,http://www.ssquared.com
LIVELLO CAPITAL MANAGEMENT LP,305403,305.46,NEW YORK,NY,"https://livellocap.com/, https://www.linkedin.com/company/livello-capital-management/"
DECAGON ASSET MANAGEMENT (US) LP,322135,304.35,NEW YORK,NY,http://www.decagonam.com
"TABOR ASSET MANAGEMENT, LP",304666,303.18,NEW YORK,NY,"https://www.linkedin.com/company/tabor-asset-management, https://taborasset.com/"
OAKCLIFF PARTNERS LLC,162325,302.04,NEW YORK,NY,"https://www.linkedin.com/company/oakcliff-capital, http://www.oakcliffcapital.com/"
PLUM ISLAND PARTNERS LLC,337695,300.0,NEW YORK,NY,https://www.linkedin.com/company/plum-island-partners-llc/about/?viewasmember=true
"FULL IN PARTNERS MANAGEMENT, LLC",309967,299.59,NEW YORK,NY,"https://www.fullin.com, https://www.linkedin.com/company/full-in-partners/"
"ONCE CAPITAL MANAGEMENT, LLC",289714,296.65,NEW YORK,NY,http://oncecapital.com/
SUPERSTATE ADVISERS LLC,336188,295.31,NEW YORK,NY,"https://superstate.co, https://twitter.com/superstatefunds, https://www.linkedin.com/company/superstate"
JRE ADVISORS LLC,318777,294.51,NEW YORK,NY,"https://www.linkedin.com/company/jre-partners, https://www.jre-partners.com/, https://www.instagram.com/jre_partners/"
"CRESTWOOD CAPITAL MANAGEMENT, L.P.",160807,293.1,NEW YORK,NY,"http://www.crestwood.fund, http://www.crestwoodclient.com, https://www.linkedin.com/company/crestwood-capital-management-l.p./, http://www.crestwoodfunds.com, http://www.crestwoodcap.com, http://www.crestwoodcapitalpartners.com"
"GF CAPITAL ASSET ADVISORS, LLC",160144,290.65,NEW YORK,NY,"http://www.gfcap.com, https://www.linkedin.com/company/gf-capital-management/about/"
INDAGO CAPITAL LLC,330343,289.41,NEW YORK,NY,"https://www.linkedin.com/company/indago-capital/, https://www.indagocap.com/"
"STELLA POINT CAPITAL, LP",290013,288.95,NEW YORK,NY,"http://www.stellapoint.com/, https://www.linkedin.com/company/stella-point-capital/"
PALISADE AMERICAS MANAGEMENT LLC,322412,288.4,NEW YORK,NY,"https://palisadeinfrastructure.com/, https://www.linkedin.com/company/palisade-investment-partners/"
LUMOS CAPITAL GROUP LLC,306528,286.3,NEW YORK,NY,"https://www.linkedin.com/company/lumos-capital-group/, http://lumoscapitalgroup.com/"
CLEARFIELD CAPITAL MANAGEMENT LP,174981,280.51,NEW YORK,NY,"http://www.clearfieldcap.com/, https://www.linkedin.com/company/clearfield-capital-management/about/"
EDEN GLOBAL ADVISORS LLC,317761,279.18,NEW YORK,NY,"https://www.linkedin.com/company/eden-global-partners/about/, https://www.edengp.com/"
"ADVANTAGE ADVISERS MANAGEMENT, LLC",108180,277.67,NEW YORK,NY,N/A
"HALE CAPITAL MANAGEMENT, LP",157220,275.96,NEW YORK,NY,"http://www.halecapital.com, http://www.halecapitalmanagment.com, http://www.halefundmanagement.com, https://twitter.com/halefunds, https://www.linkedin.com/company/hale-capital-partners/, http://www.halefunds.com, http://www.halecapitalpartners.com, http://www.halecap.com"
STILWELL VALUE LLC,160697,274.94,NEW YORK,NY,N/A
RITHM CAPITAL ADVISORS LLC,334244,274.12,NEW YORK,NY,"https://www.linkedin.com/company/rithm-capital-corp/, https://www.rithmcap.com"
ADALTA CAPITAL MANAGEMENT LLC,283771,273.93,NEW YORK,NY,http://www.adaltacap.com
"A.R.T. ADVISORS, LLC",161643,273.79,NEW YORK,NY,https://www.linkedin.com/company/a-r-t-advisors-llc
SELLARONDA GLOBAL MANAGEMENT LP,325400,273.2,NEW YORK,NY,"https://www.linkedin.com/company/sellarondaglobal/, https://www.sellarondaglobal.com/"
PHOENIX REALTY GROUP LLC,160249,272.51,NEW YORK,NY,"http://www.phoenixrg.com, https://www.linkedin.com/company/phoenix-realty-group/"
"TWIN SECURITIES, INC.",158318,271.43,NEW YORK,NY,"https://www.twincap.com, https://www.linkedin.com/company/twin-capital-management-llc/about/"
GOODE PARTNERS LLC,161816,270.81,NEW YORK,NY,http://www.goodepartners.com
"AC INVESTMENT MANAGEMENT, LLC",140443,270.6,NEW YORK,NY,"http://www.acimfunds.com, https://www.linkedin.com/company/ac-energy/"
325 CAPITAL LLC,310762,270.54,NEW YORK,NY,"https://325capital.com/, https://www.linkedin.com/company/325-capital/"
"INNOVAHEALTH PARTNERS, LP",297788,269.02,NEW YORK,NY,"http://www.innovahealthpartners.com/, https://www.youtube.com/channel/uconnr0g7-gw2ls2rqztxfvg, https://www.linkedin.com/company/innovahealthpartnerslp, http://www.twitter.com/innovahp"
THE VISUALIZE GROUP LP,327531,262.24,NEW YORK,NY,"https://www.linkedin.com/company/the-visualize-group/about/, https://www.thevisualizegroup.com"
KINTAYL CAPITAL LP,331471,261.97,NEW YORK,NY,"https://www.linkedin.com/company/kintayl-capital/, https://kintayl.com/"
CORINTHIA MANAGEMENT (US) LLC,332982,261.4,NEW YORK,NY,http://www.corinthiagm.com
CONSELLO MANAGEMENT LP,317399,261.07,NEW YORK,NY,"https://consello.com/, https://www.linkedin.com/company/consello-group, https://www.youtube.com/channel/uc4vfhd3zgnnzbwu6scebbkq"
CROSS RAPIDS CAPITAL LP,313143,260.59,NEW YORK,NY,"https://www.linkedin.com/company/cross-rapids-capital, https://crossrapids.com/"
"MW ADVISOR, LLC",332429,260.19,NEW YORK,NY,"http://www.marathonfund.com, https://www.linkedin.com/company/marathon-asset-management/"
"SCALEBUILDER, LLC",313276,258.89,NEW YORK,NY,https://scalebuilder.net/
"J.H. LANE PARTNERS, LP",282383,258.3,NEW YORK,NY,"http://www.jhlanepartners.com, http://www.jhlane.com"
KINEO CAPITAL LLC,315019,258.0,NEW YORK,NY,https://www.kineocapital.com
MAN CAPITAL MANAGEMENT LLC,146110,256.62,NEW YORK,NY,https://www.man.com
VELOCITY CAPITAL MANAGEMENT LLC,321641,256.39,NEW YORK,NY,"https://twitter.com/velocityvcm, http://www.velocitycm.com, https://www.linkedin.com/company/velocity-capital-management/"
"ZEPHYR MANAGEMENT, L.P.",129683,256.3,NEW YORK,NY,"https://www.linkedin.com/company/zephyr-peacock-india/, https://in.pinterest.com/zephyr_management/, https://www.zephyrpeacock.com, https://www.linkedin.com/company/zephyr-wealth-management, http://www.zmlp.com, https://www.tumblr.com/zephyrmanagement/808141237920088064/zephyr-management, https://medium.com/@zmlp, https://www.linkedin.com/company/zephyr-acorn/, https://www.youtube.com/@zephyrpeacockindia9895, https://twitter.com/zephyrpeacock, https://www.linkedin.com/company/zephyr-management-l.p./"
"DONALD SMITH, L.P.",285701,255.95,NEW YORK,NY,N/A
"FUTURE POSITIVE MANAGEMENT, L.L.C.",309644,255.67,NEW YORK,NY,"https://www.futurepositive.com/, https://twitter.com/futurepositive"
"STABILIS CAPITAL MANAGEMENT, LP",161553,255.26,NEW YORK,NY,"https://www.linkedin.com/company/stabilis-capital-management-lp/, http://www.stabiliscap.com"
OPPENHEIMERFUNDS INC,104983,253.93,NEW YORK,NY,N/A
TRILL IMPACT ADVISORY INC.,328179,253.83,NEW YORK,NY,"https://www.trillimpact.com/, https://www.linkedin.com/company/trill-impact/"
10 EAST PARTNERS LLC,322360,253.42,NEW YORK,NY,"https://app.10east.co/, https://www.linkedin.com/company/10east/, https://twitter.com/invest10east, https://www.instagram.com/invest10east/, https://www.facebook.com/invest10east"
"ELCO MANAGEMENT COMPANY, LLC",137036,252.16,NEW YORK,NY,http://www.elcomanagement.com
CANDELO CAPITAL MANAGEMENT LP,307389,251.83,NEW YORK,NY,N/A
LBB HOLDING COMPANY LLC,282285,250.33,NEW YORK,NY,http://www.lbb-industries.com
"COLTRANE ASSET MANAGEMENT, L.P.",165131,249.66,NEW YORK,NY,"http://coltraneam.com/, https://www.linkedin.com/company/coltrane-asset-management-lp"
ARIA GROWTH PARTNERS LP,315978,247.61,NEW YORK,NY,"https://www.linkedin.com/company/aria-growth/, https://www.ariagrowth.com/"
"ANANYM CAPITAL MANAGEMENT, LP",332320,246.94,NEW YORK,NY,"https://ananymcapital.com, https://www.linkedin.com/company/ananym-capital-management"
"REYNOLDS CHANNEL MANAGEMENT, L.P.",296292,241.87,NEW YORK,NY,N/A
FORSYTH STREET ASSET MANAGEMENT LLC,310545,240.98,NEW YORK,NY,"https://www.baltimoreniif.org/, https://www.nashvillecatalyst.org/, https://www.newgenerationfund.com/, https://www.nycacquisitionfund.com/, http://www.forsythstreet.com, https://www.nycdownpaymentfund.com/"
"BRIZO CAPITAL, LP",298102,240.61,NEW YORK,NY,"https://www.linkedin.com/company/brizo-capital, https://www.brizocapital.com"
"AACP INVESTMENTS, LLC",314568,239.58,NEW YORK,NY,N/A
FINDELL CAPITAL MANAGEMENT LLC,307394,237.26,NEW YORK,NY,"https://www.fincap.us/, http://twitter.com/@fin_capital, https://findell.us/"
KIZE CAPITAL LP,305608,237.1,NEW YORK,NY,https://www.kizecapital.com/
HAZELVIEW SECURITIES (US) LLC,174811,236.78,NEW YORK,NY,https://www.hazelview.com
STROBE VENTURES L.P.,334227,235.32,NEW YORK,NY,"https://www.strobe.fund/, https://x.com/strobefund"
DILATION CAPITAL MANAGEMENT LP,307862,228.83,NEW YORK,NY,N/A
"POWER INNOVATION PARTNERS, L.P.",312100,228.75,NEW YORK,NY,"https://www.linkedin.com/company/power-innovation-partners, https://www.powerinnovationpartners.com/"
"WYNNEFIELD CAPITAL, INC.",157604,228.11,NEW YORK,NY,"http://www.wynnefieldcapital.com, https://www.linkedin.com/company/wynnefield-capital-management/about/, https://www.facebook.com/wynnecap/"
BOYAR ASSET MANAGEMENT INC,105255,225.83,NEW YORK,NY,"https://twitter.com/boyarvalue, https://www.linkedin.com/company/boyar-intrinsic-value-researc/, https://www.boyarassetmanagement.com, https://www.facebook.com/boyarvalue/, https://www.boyarvaluegroup.com/, https://boyarresearch.substack.com/, https://www.youtube.com/@theworldaccordingtoboyar1437, https://www.youtube.com/@boyarvaluegroup3082"
NEWPOINT REAL ESTATE INVESTMENT MANAGEMENT LLC,321208,225.8,NEW YORK,NY,N/A
"CORINTHIAN CAPITAL GROUP, LLC",160346,225.31,NEW YORK,NY,"http://www.corinthiancap.com, https://www.facebook.com/pages/category/financial-service/corinthian-capital-group-175726575880833/, https://www.linkedin.com/company/corinthian-capital-group/about/, https://twitter.com/corinthiancap"
"TWO SIGMA REAL ESTATE, LP",324210,225.0,NEW YORK,NY,"https://www.twosigma.com/businesses/real-estate/, https://x.com/twosigma, https://www.linkedin.com/company/two-sigma-investments"
"SPRING MOUNTAIN CAPITAL, LP",119126,219.45,NEW YORK,NY,"https://www.linkedin.com/company/west-harlem-innovation-network/about/, https://westharleminnovationnetwork.com/, https://www.springmountaincapital.com/, https://twitter.com/harlem_network, https://www.facebook.com/westharleminnovationnetwork, https://whin.nyc, https://www.instagram.com/westharleminnovationnetwork/"
"LONG POINT CAPITAL, INC",163061,218.7,NEW YORK,NY,"http://www.lpcfund.com, http://www.longpointcapital.com"
SUPERSTRING CAPITAL MANAGEMENT LP,305743,218.3,NEW YORK,NY,http://superstringcap.com/
"SOUNDCORE CAPITAL PARTNERS, LP",331288,216.3,NEW YORK,NY,"https://www.linkedin.com/company/soundcore-capital-partners/, https://www.soundcorecap.com/"
"SENDER COMPANY & PARTNERS, INC.",282319,216.3,NEW YORK,NY,"https://www.linkedin.com/company/sender-company-&-partners, http://www.sendercompany.com/"
"GUGGENHEIM PRIVATE INVESTMENTS, LLC",331479,216.21,NEW YORK,NY,https://www.guggenheiminvestments.com
"CT INVESTMENT MANAGEMENT CO., LLC",160080,215.67,NEW YORK,NY,"https://www.instagram.com/blackstone, https://open.spotify.com/artist/52eom8vqxm8lk75zzlf2hj, https://blackstone.podbean.com/, https://www.youtube.com/user/blackstonegroup, https://apple.co/31pe1gg, https://x.com/blackstone, https://www.blackstone.com, https://mp.weixin.qq.com/s/ftddop2f9zdz1qfbgoqaaa, https://soundcloud.com/blackstone-300250613, https://www.linkedin.com/company/blackstonegroup, https://www.facebook.com/blackstone, https://spoti.fi/2lj1thg, https://www.pandora.com/artist/blackstone/arvlpz9plblrlmg"
"LONETREE CAPITAL, LLC",321784,215.15,NEW YORK,NY,"https://www.linkedin.com/company/lonetree-capital, https://www.lonetreecap.com"
GATEMORE CAPITAL MANAGEMENT LP,332864,213.73,NEW YORK,NY,"https://uk.linkedin.com/company/gvp-climate, https://www.linkedin.com/company/2086357, https://gatemore.com/, https://gvpclimate.com/, https://twitter.com/gatemore"
PATRICOF CO. LLC,320902,212.63,NEW YORK,NY,"http://www.pco.com, https://www.linkedin.com/company/patricof-co, https://www.instagram.com/patricofco"
EXOME ASSET MANAGEMENT LLC,304585,210.76,NEW YORK,NY,"https://www.linkedin.com/company/exome-asset-management, https://www.exomeasset.com/"
"GS GAMMA ADVISORS, LLC",135424,209.65,NEW YORK,NY,"http://www.guggenheiminvestments.com, http://www.gsgamma.com, http://www.guggenheimpartners.com"
LATTIS MANAGEMENT LP,333629,209.31,NEW YORK,NY,"https://www.lattis.com, https://www.linkedin.com/company/lattislp/"
ROOM40 CAPITAL LLC,322436,209.01,NEW YORK,NY,"https://www.linkedin.com/company/room40cap, https://x.com/room40xyz, https://www.room40.capital/, https://www.room40.xyz/"
"YIELDPOINT, L.P.",311859,206.19,NEW YORK,NY,"https://www.linkedin.com/company/yieldpoint/, https://www.yieldpointlp.com/"
LC VERO MANAGER LLC,338361,205.62,NEW YORK,NY,"https://www.verocapital.com/, https://lcvero.com/"
"MB FAMILY ADVISORS, LLC",166324,204.07,NEW YORK,NY,N/A
"NORTHSANDS CAPITAL, L.P.",331698,203.75,NEW YORK,NY,"https://www.northsands.com/, https://www.linkedin.com/company/northsands/"
"KRENSAVAGE ASSET MANAGEMENT, LLC",168976,203.27,NEW YORK,NY,"https://www.linkedin.com/company/krensavage-asset-management-llc/about/, http://www.krensavage.com"
TWO PARKS CAPITAL LLC,333142,202.25,NEW YORK,NY,N/A
"NIHON GLOBAL GROWTH PARTNERS MANAGEMENT, INC.",311890,201.83,NEW YORK,NY,"http://www.nhggp.com, https://www.x.com/nhggpmi"
"RECIPROCAL VENTURE MANAGEMENT, L.L.C.",288520,201.14,NEW YORK,NY,"https://www.linkedin.com/company/reciprocal-ventures/, https://www.recvc.com/, https://scalingup.substack.com/about, https://twitter.com/recvcx"
CITIGROUP ALTERNATIVE INVESTMENTS LLC,119537,200.23,NEW YORK,NY,N/A
"GENERAL INNOVATION CAPITAL, LLC",331306,200.0,NEW YORK,NY,"https://www.linkedin.com/company/general-innovation-capital/, https://www.generalinnovation.com/"
LOCK 8 PARTNERS LLC,319731,196.44,NEW YORK,NY,"https://www.linkedin.com/company/lock-8-partners/, https://www.lock8partners.com, https://twitter.com/lock8partners?lang=en"
ARTIST CAPITAL MANAGEMENT LLC,296835,195.12,NEW YORK,NY,"https://artistcapital.com/, https://www.linkedin.com/company/artist-capital/"
"MORGENS, WATERFALL, VINTIADIS & COMPANY, INC.",108692,193.63,NEW YORK,NY,"http://morgenswaterfall.com, https://www.linkedin.com/company/morgens-waterfall-vintiadis/"
VARIADIC LLC,332389,191.41,NEW YORK,NY,http://www.variadic.com
ALCOVA CAPITAL MANAGEMENT LP,298021,189.5,NEW YORK,NY,"http://www.alcovacap.com, https://www.linkedin.com/company/alcovacap/"
"INCLINE GLOBAL MANAGEMENT, LLC",162607,187.71,NEW YORK,NY,http://inclineglobal.net/
IRTH CAPITAL MANAGEMENT LP,330696,187.4,NEW YORK,NY,"http://www.irth.capital, https://www.linkedin.com/company/irth-capital-management/"
"MOUNTAINEER PARTNERS MANAGEMENT, LLC",163089,187.37,NEW YORK,NY,http://www.mountaineerpartners.com
"GAGNON ADVISORS, LLC",161697,187.31,NEW YORK,NY,N/A
"DELOS CAPITAL MANAGEMENT, LP",170010,186.68,NEW YORK,NY,"http://www.deloscap.com/, https://www.linkedin.com/company/delos-capital"
LONE PEAK PARTNERS MANAGEMENT LP,156546,186.26,NEW YORK,NY,N/A
KELLY PARK INVESTMENT LLC,299882,186.2,NEW YORK,NY,"http://kellyparkcapital.com, https://www.linkedin.com/company/kellyparkcapital/, http://www.knowyouralts.com"
OWLHOUSE CAPITAL LP,328210,184.92,NEW YORK,NY,N/A
"SEVEN SIX CAPITAL MANAGEMENT, LLC",299257,182.8,NEW YORK,NY,http://www.sevensixcapital.com
"OPPVEST, LLC",296317,182.66,NEW YORK,NY,http://www.oppvest.com
"TACTICAL INFRASTRUCTURE PARTNERS, LP",318315,182.35,NEW YORK,NY,"https://tacticalinfra.com/, https://www.linkedin.com/company/tactical-infrastructure-partners"
"EMMETT INVESTMENT MANAGEMENT, LP",299543,181.64,NEW YORK,NY,https://www.emmettpartners.com/
"SUNSTONE ASSET MANAGEMENT, LP",328895,181.23,NEW YORK,NY,https://www.sunstoneam.com/
"RAFFLES CAPITAL MANAGEMENT, LLC",161565,179.6,NEW YORK,NY,http://www.raffleslp.com
"SOVIERO ASSET MANAGEMENT, LP",298418,179.07,NEW YORK,NY,"https://sovieroassetmanagement.com/, https://www.linkedin.com/company/soviero-asset-management/"
"SABA LT, LP",334114,178.37,NEW YORK,NY,N/A
"LANSING MANAGEMENT, LP",285921,178.12,NEW YORK,NY,https://lansingmanagement.com/
"CICC ALPHA INVESTMENT MANAGEMENT (USA), LLC",289848,177.62,NEW YORK,NY,N/A
POST CAPITAL MANAGEMENT LLC,161892,176.56,NEW YORK,NY,"https://x.com/postcapital, http://www.postcp.com/, https://www.linkedin.com/groups/8620342/, https://www.linkedin.com/company/post-capital-partners-llc/"
PENBROOK MANAGEMENT LLC,127269,175.39,NEW YORK,NY,https://www.penbrookllc.com/
"FEENIX VENTURE PARTNERS, LLC",304152,174.76,NEW YORK,NY,"https://www.feenixpartners.com, https://www.linkedin.com/company/feenix-venture-partners-llc/"
"OBERON ASSET MANAGEMENT, LLC",123494,174.7,NEW YORK,NY,https://www.oberonasset.com
SECFI ADVISORY LIMITED,306961,174.02,NEW YORK,NY,"https://linkedin.com/company/secfiinc, http://www.secfi.com, https://twitter.com/asksecfi"
MOELIS CAPITAL PARTNERS LLC,154219,173.31,NEW YORK,NY,http://www.moelisassetmanagement.com
HUDSON EXECUTIVE CAPITAL LP,175032,172.54,NEW YORK,NY,https://www.linkedin.com/company/hudson-executive-capital/about/
"TRIANGLE INVESTMENT MANAGEMENT, LLC",329567,171.78,NEW YORK,NY,N/A
"RHO ACCELERATION, LLC",313160,171.52,NEW YORK,NY,http://www.rhoacceleration.com
MUTIMA CAPITAL MANAGEMENT LLC,284629,170.62,NEW YORK,NY,http://www.mutimacapital.com
AP CAPITAL DELAWARE LLC,315796,170.49,NEW YORK,NY,https://www.apcapitalinvestment.com
"PERIPHAS CAPITAL, LP",291980,170.41,NEW YORK,NY,"https://www.linkedin.com/company/periphas-capital/, https://www.periphascapital.com"
STILLPOINT INVESTMENTS LP,318718,169.85,NEW YORK,NY,"https://www.linkedin.com/company/70952409/admin/, https://www.stillpointinvestments.com"
"TOTEM POINT MANAGEMENT, LLC",169824,169.16,NEW YORK,NY,"https://www.totempoint.com/, http://www.linkedin.com/company/totem-point-management-llc"
ALLY BRIDGE GROUP (NY) LLC,291072,167.92,NEW YORK,NY,"https://www.linkedin.com/company/ally-bridge, http://www.ally-bridge.com/"
"THE LIND PARTNERS, LLC",290338,165.4,NEW YORK,NY,"http://www.thelindpartners.com, https://www.linkedin.com/company/the-lind-partners/"
LIGHTSMITH CLIMATE RESILIENCE MANAGEMENT LLC,307933,165.01,NEW YORK,NY,"https://lightsmithgp.com/, https://www.linkedin.com/company/the-lightsmith-group/, https://twitter.com/lightsmithgroup"
"ALPINE PEAKS CAPITAL, LP",290241,164.25,NEW YORK,NY,"https://www.alpinepeakscapital.com, https://www.linkedin.com/company/alpine-peaks-capital/"
RIPPLE EFFECT ASSET MANAGEMENT LP,331250,164.05,NEW YORK,NY,"https://rippleeffectasset.com/, https://www.linkedin.com/company/ripple-effect-asset-management"
BOARDMAN BAY CAPITAL MANAGEMENT LLC,164577,163.74,NEW YORK,NY,"http://www.boardmanbay.com, https://www.linkedin.com/company/boardman-bay-capital-management/"
"HGI CAPITAL MANAGEMENT, LLC.",168303,163.42,NEW YORK,NY,"https://www.linkedin.com/company/harborgroupinternational, https://www.hgicapitalmanagement.com"
OPEN FIELD CAPITAL LLC,136313,162.82,NEW YORK,NY,"https://x.com/openfieldcap, https://www.linkedin.com/company/open-field-capital-limited, http://www.ofcap.com"
"SUMMATION CAPITAL MANAGEMENT, L.P.",331645,160.56,NEW YORK,NY,"https://www.linkedin.com/company/summation-capital/, https://www.summationcapital.com/"
WHITE HAT CAPITAL PARTNERS LP,288059,158.91,NEW YORK,NY,"http://www.whitehatcp.com, https://www.linkedin.com/company/white-hat-capital-partners/"
PHOENICIAN CAPITAL LLC,286033,158.76,NEW YORK,NY,"http://phoeniciancapital.com/, https://www.linkedin.com/company/phoenician-capital/"
"UNION SQUARE PARK CAPITAL MANAGEMENT, LLC",175471,158.73,NEW YORK,NY,"http://uspcm.com/, https://www.linkedin.com/company/unionsquareparkcapital/"
RAVEN CAPITAL MANAGEMENT LLC,164755,157.95,NEW YORK,NY,"https://www.linkedin.com/company/raven-capital-management/, http://www.ravencm.com"
SADDLEROCK CAPITAL MANAGEMENT LLC,330801,155.89,NEW YORK,NY,https://saddlerockcap.com/
"ELTURA CAPITAL MANAGEMENT, LLC",318320,154.8,NEW YORK,NY,"http://www.eltura.com, http://www.linkedin.com/company/eltura-capital-management"
ALPACA VC INVESTMENT MANAGEMENT LLC,317262,153.72,NEW YORK,NY,"https://www.linkedin.com/company/alpacavc/, https://alpaca.vc/, https://www.instagram.com/alpacavc/, https://campsite.bio/alpacavc, https://medium.com/alpaca-vc, https://www.facebook.com/profile.php?id=100068865744165, https://www.alpacarealestate.com, https://www.linkedin.com/company/alpaca-real-estate/, https://x.com/alpacavc/"
"EM ADVISOR, LLC",314402,153.54,NEW YORK,NY,"https://www.linkedin.com/company/equity-multiple/mycompany/, https://www.facebook.com/equitymultiple, https://www.equitymultiple.com, https://www.instagram.com/equitymultiple_com/?hl=en, https://www.amiaccredited.com, https://www.pinterest.com/equitymultiple, https://medium.com/@equitymultiple, https://vimeo.com/equitymultiple, https://www.youtube.com/c/equitymultiple, https://soundcloud.com/equity-multiple, https://www.tiktok.com/@equitymultiple_com, https://twitter.com/equitymultiple"
TRIDENT MANAGEMENT LLC,319632,150.42,NEW YORK,NY,"https://www.trident.co/, https://www.linkedin.com/company/tridentco/, https://twitter.com/investtrident, https://medium.com/@investtrident"
"MIURA GLOBAL MANAGEMENT, LLC",161017,150.16,NEW YORK,NY,N/A
"VIS ADVISORS, LP",240786,148.85,NEW YORK,NY,http://www.takumifund.com
"CATCHMENT CAPITAL, L.P.",335631,147.71,NEW YORK,NY,"https://www.catchmentcapital.com/, https://www.linkedin.com/company/catchmentcapital/"
"BARINGTON COMPANIES INVESTORS, LLC",161305,146.98,NEW YORK,NY,"https://www.linkedin.com/company/barington-capital-group-l-p, http://www.barington.com"
"ORTELIUS CAPITAL PARTNERS, LLC",138284,143.75,NEW YORK,NY,http://www.orteliusinvestments.com
"LIVIAN & CO., LLC",153771,143.67,NEW YORK,NY,"http://www.livianco.com, https://www.linkedin.com/company/livian-&-co.---investment-and-wealth-management/, https://x.com/livianco, https://www.instagram.com/livian_co/, https://facebook.com/livianandco, https://tiktok.com/@livian_co"
ARAVALLI CAPITAL MANAGEMENT LP,327861,143.41,NEW YORK,NY,https://www.aravallicap.com/
"FOUR LION CAPITAL, LP",333602,143.25,NEW YORK,NY,"https://www.linkedin.com/company/fourlion-capital/, https://fourlioncapital.com/"
"ARGOSY-LIONBRIDGE MANAGEMENT, LLC",325413,142.43,NEW YORK,NY,https://argosylbm.com/
TOTEM MACRO ASSET MANAGEMENT LP,328044,142.06,NEW YORK,NY,N/A
"SECONDMARKET FINANCIAL, LLC",333332,140.62,NEW YORK,NY,"https://www.secondmarket.com, https://www.youtube.com/@nasdaqprivatemarketofficial, https://x.com/npm, https://vimeo.com/nasdaqprivatemarket, https://www.facebook.com/nasdaqprivatemarket, https://www.instagram.com/nasdaqprivatemarketofficial/, https://www.linkedin.com/company/nasdaq-private-market/, https://www.nasdaqprivatemarket.com, https://www.npm.com"
"JLL PARTNERS FCH, INC.",285184,140.08,NEW YORK,NY,"https://www.linkedin.com/company/jll-partners/about/, https://www.jllpartners.com"
"AREX CAPITAL MANAGEMENT, LP",289595,139.08,NEW YORK,NY,https://www.arexcapital.com
"RUSHMONT CAPITAL MANAGEMENT, LP",333041,138.96,NEW YORK,NY,"https://www.linkedin.com/company/rushmont, https://www.rushmont.com/"
13D MANAGEMENT LLC,154009,138.83,NEW YORK,NY,"http://13dmanagement.com, https://www.linkedin.com/company/13d-management/about/, https://www.13dactivistfund.com/"
HIDDENITE CAPITAL PARTNERS LP,309942,137.8,NEW YORK,NY,https://www.hiddenitecap.com/
"EQUILIBRIUM VENTURES, LLC",309164,137.31,NEW YORK,NY,"https://www.linkedin.com/company/joinequi, https://www.equi.com/, https://twitter.com/join_equi, https://www.facebook.com/profile.php?id=100065213164524, https://www.youtube.com/channel/ucfsg6lr84ozvvytifo566ag"
RIDGELINE PRODUCTIONS LLC,315118,137.09,NEW YORK,NY,"https://www.broadwaystrategicreturnfund.com, https://www.linkedin.com/companybroadway-strategic-return-fund/about/"
HARBINGER CAPITAL PARTNERS LLC,160538,134.2,NEW YORK,NY,http://www.harbingercapital.com
LIONTREE PARTNERS LLC,289817,134.06,NEW YORK,NY,https://liontree.com/
CORNWALL CAPITAL MANAGEMENT LP,161451,132.66,NEW YORK,NY,http://www.cornwallcapital.com
"UNLIMITED FUNDS, INC.",322644,132.27,NEW YORK,NY,"https://www.unlimitedetfs.com, https://twitter.com/unlimitedfnds, https://www.unlimitedfunds.com/, https://www.linkedin.com/company/unlimitedfunds/?viewasmember=true"
"MQS MANAGEMENT, LLC",161238,130.04,NEW YORK,NY,"http://www.mqsmanagement.com, https://www.linkedin.com/company/mqs-management-llc/about/"
"HUNT INVESTMENT MANAGEMENT, LLC",151744,129.01,NEW YORK,NY,N/A
NINE LEFT CAPITAL LP,332838,125.79,NEW YORK,NY,"https://www.nineleftcapital.com/, https://www.linkedin.com/company/nineleft/"
SQ CAPITAL LLC,334301,125.74,NEW YORK,NY,http://www.sqcapital.com
CAIS ADVISORS LLC,317466,125.05,NEW YORK,NY,https://www.caisgroup.com/
"PURA VIDA INVESTMENTS, LLC",166703,124.76,NEW YORK,NY,http://www.puravidainvestments.com/
GALILEO INVESTMENT MANAGEMENT LLC,169201,124.58,NEW YORK,NY,http://www.galileoinvestment.com
"P&A CAPITAL ADVISORS, INC.",111731,124.49,NEW YORK,NY,http://www.pacapadvisors.com/
"COAST CAPITAL MANAGEMENT, LP",289883,124.37,NEW YORK,NY,http://www.coastcapitalllc.com
"MARATHON PARTNERS EQUITY MANAGEMENT, LLC",161095,120.07,NEW YORK,NY,"https://x.com/mpemllc, http://www.marathonpartners.com"
SEABURY CAPITAL MANAGEMENT LLC,334999,120.0,NEW YORK,NY,"https://www.seaburycapital.com/, https://www.linkedin.com/company/seabury-capital"
SEAPORT GLOBAL ASSET MANAGEMENT LLC,298944,118.55,NEW YORK,NY,"https://seaportglobal.com/capabilities/asset-management/, http://www.armoryfunds.com/, https://www.linkedin.com/company/armory-advisors-llc"
GREENWOOD INVESTORS LLC,155088,116.49,NEW YORK,NY,"https://www.gwinvestors.com, https://twitter.com/gwinvestors"
"AEREF MANAGEMENT, LLC",322495,115.97,NEW YORK,NY,N/A
"WINGSPAN CAPITAL, LLC",307759,114.92,NEW YORK,NY,"https://www.wingspanfund.com/, https://www.linkedin.com/company/wingspancapital/about/"
BOUSSARD & GAVAUDAN AMERICA LLC,322621,111.33,NEW YORK,NY,N/A
DUMONT GLOBAL LP,305883,111.0,NEW YORK,NY,"http://www.dumontglobal.com, https://www.linkedin.com/company/dumont-global/?viewasmember=true"
"ISLET MANAGEMENT, LP",290576,108.81,NEW YORK,NY,"https://isletcapital.com, https://www.linkedin.com/company/islet-capital-managemet/"
"50T HOLDINGS, LLC",326720,103.15,NEW YORK,NY,https://50tfunds.com/
INVIDIA CAPITAL MANAGEMENT LP,331334,102.4,NEW YORK,NY,"https://invidiacap.com/, https://www.linkedin.com/company/invidia-capital-management/"
2E CAPITAL PARTNERS LP,334821,102.0,NEW YORK,NY,https://www.linkedin.com/company/2e-capital-partners/
BLANTYRE CAPITAL US LLC,336308,101.57,NEW YORK,NY,"https://blantyrecapital.com/, https://www.linkedin.com/company/blantyre-capital-limited/"
SLG CAPITAL MANAGEMENT LLC,331370,100.35,NEW YORK,NY,N/A
"HUNT CAPITAL MANAGEMENT, LLC",308017,99.97,NEW YORK,NY,N/A
"THREE BRIDGES CAPITAL, LP",160021,97.46,NEW YORK,NY,"http://www.threebridgescap.com, https://www.linkedin.com/company/three-bridges-capital"
BLACKSTONE REAL ESTATE ADVISORS V L.P.,138208,94.94,NEW YORK,NY,"https://www.facebook.com/blackstone, https://mp.weixin.qq.com/s/ftddop2f9zdz1qfbgoqaaa, https://www.instagram.com/blackstone, https://soundcloud.com/blackstone-300250613, https://www.linkedin.com/company/blackstonegroup, https://www.blackstone.com, https://www.pandora.com/artist/blackstone/arvlpz9plblrlmg, https://open.spotify.com/artist/52eom8vqxm8lk75zzlf2hj, https://spoti.fi/2lj1thg, https://blackstone.podbean.com/, https://www.youtube.com/user/blackstonegroup, https://x.com/blackstone, https://apple.co/31pe1gg"
"HEIGHTS POINT MANAGEMENT, LP",313849,94.0,NEW YORK,NY,"https://www.linkedin.com/company/heights-point-management-lp/, https://heightspoint.com/"
"PRIVATE EQUITY INVESTORS, INC",160559,93.93,NEW YORK,NY,http://www.peifunds.com/
"SOCIAL INVESTMENT MANAGERS AND ADVISORS, LLC",309110,93.03,NEW YORK,NY,"http://simafunds.com, https://www.linkedin.com/company/10592647/admin/dashboard/, https://www.facebook.com/simafunds, https://x.com/i/flow/login?redirect_after_login=%2fsima_funds"
GSA CAPITAL PARTNERS (NEW YORK) LP,286369,88.88,NEW YORK,NY,"http://www.gsacapital.com, https://www.linkedin.com/company/gsacapital"
UOB GLOBAL CAPITAL LLC,160659,88.62,NEW YORK,NY,http://www.uobglobal.com
"ARETEX CAPITAL MANAGEMENT, LP",296753,88.6,NEW YORK,NY,https://www.aretexcapital.com
GRAVITY CAPITAL MANAGEMENT LLC,137083,88.0,NEW YORK,NY,N/A
ATW SPAC MANAGEMENT LLC,283737,86.73,NEW YORK,NY,N/A
ONEWELTH INC,325277,85.66,NEW YORK,NY,N/A
LEXION CAPITAL MANAGEMENT LP,153273,84.7,NEW YORK,NY,"https://www.lexioncapital.com, https://twitter.com/lexioncapital, https://www.linkedin.company/lexion-capital-management, https://www.facebook.com/lexioncapital"
"PEARL LANE ADVISORS, LLC",172681,83.98,NEW YORK,NY,N/A
S. MUOIO & CO. LLC,155549,82.84,NEW YORK,NY,http://sminvestors.com
ABERNATHY GROUP II LLC,152401,80.2,NEW YORK,NY,"http://www.abernathygroupfamilyoffice.com, http://www.physicanfamilyoffice.org, https://www.abernathydaley401k.com"
"CORDOBA CAPITAL PARTNERS, LLC",329644,78.9,NEW YORK,NY,http://www.cordobacapital.co
"DRYDEN CAPITAL, LLC",172648,76.17,NEW YORK,NY,N/A
"GREENBROOK MANAGEMENT, LLC",313632,76.16,NEW YORK,NY,"https://www.greenbrookre.com, https://www.linkedin.com/company/greenbrookpartners/about/"
"SQN CAPITAL MANAGEMENT, LLC",158704,75.4,NEW YORK,NY,https://www.sqncapital.com
"NORTHSTAR CAPITAL FUNDS, LLC",138526,71.83,NEW YORK,NY,http://www.northstarcapitalfunds.com
E. MAGNUS OPPENHEIM & CO. INC.,14268,70.38,NEW YORK,NY,http://www.emagnus.com
"CATHAY CAPITAL NA, LLC",268816,68.5,NEW YORK,NY,https://www.cathaycapital.com/
VAZIRANI ASSET MANAGEMENT LLC,289186,65.0,NEW YORK,NY,https://www.vaziranifund.com
BEATRICE ADVISORS LP,332668,64.62,NEW YORK,NY,"https://www.linkedin.com/company/beatrice-advisors/, https://www.beatriceadvisors.com/"
GOLDIRON GP LLC,285239,60.16,NEW YORK,NY,N/A
"MILLENNIAL ADVISERS, LLC.",170847,58.66,NEW YORK,NY,"https://www.linkedin.com/company/millennial-advisers-llc, http://www.ouradvisers.com/, https://www.facebook.com/ouradvisersnyc/, https://twitter.com/ouradvisersnyc"
TRUCK CAPITAL MANAGEMENT LLC,164329,58.27,NEW YORK,NY,"https://www.linkedin.com/company/truck-capital-management-llc, http://www.truck-capital.com"
SPP CREDIT ADVISORS II LLC,323725,57.84,NEW YORK,NY,https://www.sppcreditpartners.com
"DAVERN CAPITAL PARTNERS, LP",323018,57.52,NEW YORK,NY,"https://daverncapital.com/, https://www.linkedin.com/company/davern-capital-partners/"
PRINCETON VALUE PARTNERS LLC,313153,57.44,NEW YORK,NY,http://www.princetonvp.com
KB & PARTNERS MANAGEMENT CO LLC,108105,57.18,NEW YORK,NY,http://www.kahnbrothers.com
"ARC24 MANAGEMENT, LP",331983,56.89,NEW YORK,NY,https://arc24cap.com/
ARKHOUSE MANAGEMENT CO. LP,325180,53.09,NEW YORK,NY,"https://arkhousefund.com/, https://www.linkedin.com/company/arkhouse, https://x.com/arkhouse_"
"SIDUS INVESTMENT MANAGEMENT, LLC",160406,52.22,NEW YORK,NY,"http://sidusfunds.com/, https://www.linkedin.com/company/sidus-investment-management/"
"ACE & COMPANY NEW YORK, INC.",304442,52.03,NEW YORK,NY,https://aceandcompany.com/
FOXPATH CAPITAL PARTNERS LP,331708,50.0,NEW YORK,NY,"https://foxpath.com/, https://www.linkedin.com/company/foxpath"
"ONE68 GLOBAL CAPITAL, LLC",284585,50.0,NEW YORK,NY,"https://www.linkedin.com/company/one68-global-capital/about/, https://www.one68global.com"
"OPPENHEIMER ALTERNATIVE INVESTMENT MANAGEMENT, LLC",140485,49.04,NEW YORK,NY,N/A
ENDICOTT MANAGEMENT COMPANY,157119,48.74,NEW YORK,NY,"https://linkedin.com/company/the-endicott-group, https://endicottgp.com"
"OUTERLANDS CAPITAL MANAGEMENT, LLC",327602,48.56,NEW YORK,NY,"https://twitter.com/outerlandscap, https://www.linkedin.com/company/outerlands-capital/, https://www.outerlands.io/"
"HILBERT 8, LLC",284577,47.19,NEW YORK,NY,"https://www.linkedin.com/company/hilbert8/, https://www.hilbert8.com"
GROUP RMC INVESTMENT ADVISOR LLC,318504,46.7,NEW YORK,NY,http://www.grouprmc.com
"CBF ADVISORS, LLC",134079,46.63,NEW YORK,NY,http://www.clearbrookglobal.com
SZOP MULTISTRAT MANAGEMENT LLC,317689,44.05,NEW YORK,NY,N/A
ACME CREDIT PARTNERS LLC,328087,43.81,NEW YORK,NY,"https://www.linkedin.com/company/acme-credit-partners/, https://www.acmecreditpartners.com/"
MARLOWE PARTNERS LP,170091,43.4,NEW YORK,NY,"http://www.marlowepartners.com, https://www.marlowepartners.com"
"DAVIS CAPITAL ADVISORS, LLC",153496,41.78,NEW YORK,NY,http://www.daviscapitaladvisors.com
ATLA CAPITAL MANAGEMENT LLC,312501,41.67,NEW YORK,NY,"http://www.atlacap.com, https://www.linkedin.com/company/74891263"
ASA ASSET MANAGEMENT LLC,335177,41.66,NEW YORK,NY,N/A
TELSEY CONSUMER FUND MANAGEMENT LP,312514,41.5,NEW YORK,NY,N/A
"MSRESS III MANAGER, L.L.C.",138602,40.68,NEW YORK,NY,http://www.morganstanley.com/im/en-us/institutional-investor/strategies/real-assets/private-real-estate.html
"PALLADIUM HERITAGE MANAGEMENT, LLC",321623,39.53,NEW YORK,NY,http://www.palladiumequity.com
GRIZZLY CAPITAL MANAGEMENT LP,324228,38.56,NEW YORK,NY,"https://x.com/researchgrizzly, https://www.linkedin.com/company/grizzly-research-llc, https://stocktwits.com/grizzly_research, https://investorshub.advfn.com/boards/profilea.aspx?user=853714, https://grizzlyreports.com/"
ARDINALL INVESTMENT MANAGEMENT LP,298114,36.16,NEW YORK,NY,"https://www.ardinall.com/, https://www.linkedin.com/company/ardinall-investment-management/, https://www.bloomberg.com/profile/company/1648200d:us"
"CANNON HILL INVESTMENT MANAGEMENT, LLC",166750,36.05,NEW YORK,NY,"https://www.cannonhillcap.com/, https://www.linkedin.com/company/cannon-hill-capital-partners-llc/mycompany/?viewasmember=true"
SPP CREDIT ADVISORS LLC,314442,34.47,NEW YORK,NY,https://www.sppcreditpartners.com
"ELKWATER CAPITAL MANAGEMENT, LLC",333963,32.9,NEW YORK,NY,"https://www.elkwatercapital.com/, https://www.linkedin.com/company/elkwater-capital-management-llc/"
OLD BELLOWS PARTNERS L.P.,157569,31.9,NEW YORK,NY,N/A
QUARTUS INVESTMENT ADVISORS LLC,287597,31.21,NEW YORK,NY,N/A
"STOCKWELL VENTURES, LLC",323092,30.0,NEW YORK,NY,N/A
GILEAD CAPITAL LP,282023,28.41,NEW YORK,NY,"https://www.linkedin.com/company/gilead-capital-lp/about/, https://www.gileadcapital.com"
"AXEL CAPITAL MANAGEMENT, LLC",151246,26.51,NEW YORK,NY,http://www.axelcapital.com
ARTESIAN CAPITAL MANAGEMENT (DELAWARE) LP,325768,26.0,NEW YORK,NY,"https://www.linkedin.com/company/artesian-capital-management/, https://www.artesianinvest.com/, https://twitter.com/artesianvc"
"DJA CAPITAL MANAGEMENT, LP",332825,25.92,NEW YORK,NY,N/A
5C INVESTMENT PARTNERS ADVISOR LLC,330565,24.99,NEW YORK,NY,"https://www.5cinvest.com/, https://www.linkedin.com/company/5c-investment-partners/"
"M.D. SASS-MACQUARIE FINANCIAL STRATEGIES MANAGEMENT COMPANY, LLC",124506,18.02,NEW YORK,NY,"http://www.mdsass.com, https://www.linkedin.com/company/md-sass/"
KAHN BROTHERS ASSET MANAGEMENT CORP,105620,15.83,NEW YORK,NY,http://www.kahnbrothers.com
"KRANE CAPITAL MANAGEMENT, LLC",329110,15.41,NEW YORK,NY,https://kranecapitalmanagement.com/
